StudentID,CountInCensusIndicator,NextInterIntraDistrictTransferCode,NextInterIntraDistrictStateCode,SummerWithdrawalLeaveDate,SummerWithdrawalNextSchool,EndOfYearNextSchool,ReportingSchoolCode,NextAttendanceProgramCodePrimary,NextAttendanceProgramCodeAdditional1,NextAttendanceProgramCodeAdditional2,HomeLanguageSurveyDate,SchoolCode,StudentNumber,StateStudentID,SchoolCompletionDate,SchoolCompletionStatusCode,QualifiedUC,QualifiedCSU,CourseCompletionUC,CourseCompletionCSU,InterIntraDistrictTransferCode,InterIntraDistrictStateCode,GraduationRequirementsTrack,SafeSchoolsActViolationDate,SchedulingGroup,ExpectedGraduationDate,SummerWithdrawalReasonCode,EndOfYearStatusCode,RecordAddedDateTime,RecordAddedSystem,SchoolMobility,DistrictMobility,USSchoolsLessThan3Years,USEnterDate,USSchoolEnterDate,StateSchoolEnterDate,DateRedesignatedFluentEnglishProficient,HomeLanguageSurveyFirstLanguageCode,HomeLanguageSurveyPrimaryLanguageCode,HomeLanguageSurveyHomeLanguageCode,HomeLanguageSurveyAdultLanguageCode,EnglishLearnerProgramCode,EnglishLearnerServiceCode,EnglishLearnerStartDate,EnglishLearnerEndDate,LongTermEnglishLearnerCode,YearsAsEnglishLearner,BirthCity,BirthStateCode,BirthCountryCode,LastSchool,ResidenceSchool,NextResidenceSchool,NextGrade,NextSchool
99400011,,,,,0,0,0,,,,,994,11,0099400011,,,N,N,N,N,,,,,,,,,,,10,10,,2018-09-01T00:00:00,2018-09-01T00:00:00,,,,,,, ,,,,,0,,,US,0,994,0,12,0
99400014,,,,2020-08-18T00:00:00,0,0,0,,,,,994,14,0099400014,,,N,N,N,N,,,,,,,,,,,10,10,,2018-09-01T00:00:00,2018-09-01T00:00:00,,,,,,, ,,,,,0,Los Angeles,CA,US,14,994,0,12,0
99400016,,,,,0,0,0,,,,,994,16,0099400016,,,N,N,N,N,,,,,,,,,,,10,10,,2010-07-01T00:00:00,2010-07-01T00:00:00,,,,,,, ,,2018-09-03T00:00:00,,,0,Katmandhu,,NP,0,994,0,12,0
99400023,,,,,0,0,0,,,,,994,23,0099400023,,,N,N,N,N,,,,,,,,,,,9,6,,2018-12-01T00:00:00,2018-12-01T00:00:00,,,,,,, ,,,,,0,,,US,0,994,0,12,0
99400032,,,,,0,0,0,,,,,994,32,0099400032,,,N,N,N,N,,,,,,,,,,,10,10,,2007-07-01T00:00:00,2007-07-01T00:00:00,,,,,,, ,,,,,0,,,US,0,994,0,12,0
99400033,,,,,0,0,0,,,,,994,33,0099400033,,,N,N,N,N,,,,2020-04-16T00:00:00,,,,,,,9,5,,2006-07-01T00:00:00,2006-07-01T00:00:00,,,,,,, ,,,,,0,,,US,0,994,0,12,0
99400035,,,,,0,0,0,,,,,994,35,0099400035,,,N,N,N,N,,,,,,,,,,,9,5,,2009-08-11T00:00:00,2009-08-11T00:00:00,,,,,,, ,,2013-05-30T00:00:00,,,0,,,US,0,994,0,12,0
99400037,,,,,0,0,0,,,,,994,37,0099400037,,,N,N,N,N,,,,,R,,,,,,9,5,,2009-09-01T00:00:00,2009-09-01T00:00:00,,,,,,, ,,,,,0,,,TW,0,994,0,12,0
99400046,,,,,0,0,0,,,,,994,46,0099400046,,,N,N,N,N,,,,,,,,,,,9,5,,2009-04-01T00:00:00,2009-04-01T00:00:00,,,,,,, ,,,,,0,,,US,0,994,0,12,0
99400050,,,,,0,0,0,,,,,994,50,0099400050,,,N,N,N,N,,,,,,,,,,,10,10,,2016-05-18T00:00:00,2016-05-18T00:00:00,,,,,,, ,,,,,0,,,US,0,994,0,12,0
99400052,,,,,0,0,0,,,,,994,52,0099400052,,,N,N,N,N,,,,,,,,,,,9,5,,2018-08-01T00:00:00,2018-08-01T00:00:00,,,,,,, ,,,,,0,,,US,0,994,0,12,0
99400056,,,,,0,0,0,,,,,994,56,0099400056,,,N,N,N,N,,,,,,,,,,,10,10,,2008-09-14T00:00:00,2008-09-14T00:00:00,,,,,,, ,,2018-11-24T00:00:00,,,0,Baghdad,,IQ,0,994,0,12,0
99400057,,,,,0,0,0,,,,,994,57,0099400057,,,N,N,N,N,,,,,,,,,,,9,7,,2009-09-01T00:00:00,2009-09-01T00:00:00,,,,,,, ,,,,,0,,,US,0,994,0,12,0
99400061,,,,,0,0,0,,,,,994,61,0099400061,,,N,N,N,N,,,,,,,,,,,9,6,,2016-08-01T00:00:00,2016-08-01T00:00:00,,,,,,, ,,,,,0,,,US,0,994,0,12,0
99400066,,,,,0,0,0,,,,,994,66,0099400066,,,N,N,N,N,,,,,,,,,,,9,5,,2010-06-07T00:00:00,2010-06-07T00:00:00,,,,,,, ,,,,,0,,,US,0,994,0,12,0
99400068,,,,,0,0,0,,,,,994,68,0099400068,,,N,N,N,N,,,,,,,,,,,10,0,,2010-07-01T00:00:00,2010-07-01T00:00:00,,,,,,, ,,,,,0,Watsonville,CA,US,888,994,0,12,0
99400080,,,,,0,0,0,,,,,994,80,0099400080,,,N,N,N,N,,,,,,,160,,,,9,5,,2019-01-01T00:00:00,2019-01-01T00:00:00,,,,,,, ,,,,,0,,,US,0,994,0,12,0
99400086,,,,,0,0,0,,,,,994,86,0099400086,,,N,N,N,N,,,,,,,,,,,9,5,,2007-09-01T00:00:00,2007-09-01T00:00:00,,,,,,, ,,,,,0,,,US,0,994,0,12,0
99400090,,,,,0,0,0,,,,,994,90,0099400090,,,N,N,N,N,,,,,,,,,,,9,8,,2008-07-01T00:00:00,2008-07-01T00:00:00,,,,,,, ,,,,,0,,,US,0,994,0,12,0
99400095,,,,,0,0,0,,,,,994,95,0099400095,,,N,N,N,N,,,,,,,,,,,9,5,,2011-09-06T00:00:00,2011-09-06T00:00:00,,,,,,, ,,,,,0,,,US,0,994,0,12,0
99400096,,,,,0,0,0,,,,,994,96,0099400096,,,N,N,N,N,,,,,,,,,,,9,5,,2010-07-01T00:00:00,2010-07-01T00:00:00,,,,,,, ,,,,,0,,,US,0,994,0,12,0
99400099,,,,,0,0,0,,,,,994,99,0099400099,,,N,N,N,N,,,,,,,,,,,9,5,,2013-09-04T00:00:00,2013-09-04T00:00:00,,,,,,, ,,,,,0,,,US,0,994,0,12,0
99400100,,,,,0,0,0,,,,,994,100,0099400100,,,N,N,N,N,,,,2019-04-21T00:00:00,,,,,2017-06-25T12:07:15,,12,8,,2009-09-09T00:00:00,2009-09-09T00:00:00,,,,,,, ,,,,,0,Monterey Park,CA,US,19,994,0,12,0
99400115,,,,,0,0,0,,,,,994,115,0099400115,,,N,N,N,N,,,,,,,,,,,11,11,,2013-02-07T00:00:00,2013-02-07T00:00:00,,,,,,, ,,,,,0,,,JP,0,994,0,12,0
99400119,,,,2020-06-14T00:00:00,0,0,0,,,,,994,119,0099400119,,,N,N,N,N,,,,,,,160,,,,9,5,,2010-09-07T00:00:00,2010-09-07T00:00:00,,,,,,, ,,,,,0,,,TW,0,994,0,12,0
99400129,,,,,0,0,0,,,,,994,129,0099400129,,,N,N,N,N,,,,,,,,,,,9,9,,2007-07-01T00:00:00,2007-07-01T00:00:00,,,,,,, ,,,,,0,,,US,0,994,0,12,0
99400130,,,,,0,0,0,,,,,994,130,0099400130,,,N,N,N,N,,,,,,,,,,,9,7,,2015-12-01T00:00:00,2015-12-01T00:00:00,,,,,,, ,,,,,0,,,US,0,994,0,12,0
99400135,,,,,0,0,0,,,,,994,135,0099400135,,,N,N,N,N,,,,,,,,,,,9,5,,2009-08-01T00:00:00,2009-08-01T00:00:00,,,,,,, ,,,,,0,,,US,0,994,0,12,0
99400138,,,,,0,0,0,,,,,994,138,0099400138,,,N,N,N,N,,,,,,,,,,,9,7,,2018-02-18T00:00:00,2018-02-18T00:00:00,,,,,,, ,,2014-09-04T00:00:00,,,0,,,US,0,994,0,12,0
99400139,,,,,0,0,0,,,,,994,139,0099400139,,,N,N,N,N,,,,,,,,,,,9,5,,2017-02-01T00:00:00,2017-02-01T00:00:00,,,,,,, ,,,,,0,,,US,0,994,0,12,0
99400143,,,,,0,0,0,,,,,994,143,0099400143,,,N,N,N,N,,,,,,,,,,,9,9,,2009-08-01T00:00:00,2009-08-01T00:00:00,,,,,,, ,,,,,0,,,US,0,994,0,12,0
99400144,,,,,0,0,0,,,,,994,144,0099400144,,,N,N,N,N,,,,,,,,,,,9,9,,2011-09-06T00:00:00,2011-09-06T00:00:00,,,,,,, ,,,,,0,,,US,0,994,0,12,0
99400152,,,,,0,0,0,,,,,994,152,0099400152,,,N,N,N,N,,,,,,,,,,,9,5,,2010-09-01T00:00:00,2010-09-01T00:00:00,,,,,,, ,,,,,0,,,US,0,994,0,12,0
99400153,,,,,0,0,0,,,,,994,153,0099400153,,,N,N,N,N,,,,,,,,,,,9,5,,2011-01-11T00:00:00,2011-01-11T00:00:00,,,,,,, ,,,,,0,,,US,0,994,0,12,0
99400157,,,,,0,0,0,,,,,994,157,0099400157,,,N,N,N,N,,,,2020-09-13T00:00:00,,,,,,,10,10,,2006-07-01T00:00:00,2006-07-01T00:00:00,,,,,,, ,,,,,0,,,US,0,994,0,12,0
99400160,,,,,0,0,0,,,,,994,160,0099400160,,,N,N,N,N,,,,,,,,,,,9,5,,2019-03-01T00:00:00,2019-03-01T00:00:00,,,,,,, ,,,,,0,,,US,0,994,0,12,0
99400164,,,,,0,0,0,,,,,994,164,0099400164,,,N,N,N,N,,,,,,,,,,,9,5,,2016-01-01T00:00:00,2016-01-01T00:00:00,,,,,,, ,,,,,0,,,US,0,994,0,12,0
99400171,,,,,0,0,0,,,,,994,171,0099400171,,,N,N,N,N,,,,,,,,,,,9,5,,2017-09-01T00:00:00,2017-09-01T00:00:00,,,,,,, ,,,,,0,,,US,0,994,0,12,0
99400184,,,,,0,0,0,,,,,994,184,0099400184,,,N,N,N,N,,,,,,,,,,,9,5,,2015-09-01T00:00:00,2015-09-01T00:00:00,,,,,,, ,,,,,0,,,US,0,994,0,12,0
99400186,,,,,0,0,0,,,,,994,186,0099400186,,,N,N,N,N,,,,2017-12-19T00:00:00,,,,,,,9,6,,2010-09-01T00:00:00,2010-09-01T00:00:00,,,,,,, ,,,,,0,,,US,0,994,0,12,0
99400187,,,,,0,0,0,,,,,994,187,0099400187,,,N,N,N,N,,,,,,,,,,,9,9,,,,,,,,,, ,,,,,0,,,US,0,994,0,12,0
99400189,,,,,0,0,0,,,,,994,189,0099400189,,,N,N,N,N,,,,,,,,,,,9,5,,2004-10-01T00:00:00,2004-10-01T00:00:00,,,,,,, ,,,,,0,,,US,0,994,0,12,0
99400190,,,,,0,0,0,,,,,994,190,0099400190,,,N,N,N,N,,,,,,,,,,,11,11,,2019-02-01T00:00:00,2019-02-01T00:00:00,,,,,,, ,,,,,0,,,US,0,994,0,12,0
99400192,,,,,0,0,0,,,,,994,192,0099400192,,,N,N,N,N,,,,2019-11-20T00:00:00,,,,,,,9,5,,2010-03-01T00:00:00,2010-03-01T00:00:00,,,,,,, ,,,,,0,,,US,0,994,0,12,0
99400205,,,,,0,0,0,,,,,994,205,0099400205,,,N,N,N,N,,,,,,,310,,,,9,5,,2012-10-15T00:00:00,2012-10-15T00:00:00,,,,,,, ,,,,,0,,,US,0,994,0,12,0
99400211,,,,,0,0,0,,,,,994,211,0099400211,,,N,N,N,N,,,,,,,,,,,9,9,,2011-09-01T00:00:00,2011-09-01T00:00:00,,,,,,, ,,,,,0,,,US,0,994,0,12,0
99400217,,,,,0,0,0,,,,,994,217,0099400217,,,N,N,N,N,,,,,,,,,,,10,10,,2008-09-01T00:00:00,2008-09-01T00:00:00,,,,,,, ,,,,,0,,,US,0,994,0,12,0
99400219,,,,,0,0,0,,,,,994,219,0099400219,,,N,N,N,N,,,,,,,,,,,10,10,,2011-02-02T00:00:00,2011-02-02T00:00:00,,,,,,, ,,,,,0,,,US,0,994,0,12,0
99400220,,,,,0,0,0,,,,,994,220,0099400220,,,N,N,N,N,,,,,,,,,,,11,11,,2009-07-01T00:00:00,2009-07-01T00:00:00,,,,,,, ,,,,,0,,,US,0,994,0,12,0
99400221,,,,,0,0,0,,,,,994,221,0099400221,,,N,N,N,N,,,,,,,240,,,,10,10,,2006-12-01T00:00:00,2006-12-01T00:00:00,,,,,,, ,,,,,0,Lancaster,CA,US,0,994,0,12,0
99400223,,,,,0,0,0,,,,,994,223,0099400223,,,N,N,N,N,,,,,,,,,,,11,11,,2011-01-01T00:00:00,2011-01-01T00:00:00,,,,,,, ,,,,,0,,,US,0,994,0,12,0
99400241,,,,,0,0,0,,,,,994,241,0099400241,,,N,N,N,N,,,,,,,,,,,9,9,,2011-10-01T00:00:00,2011-10-01T00:00:00,,,,,,, ,,,,,0,,,US,0,994,0,12,0
99400249,,,,,0,0,0,,,,,994,249,0099400249,,,N,N,N,N,,,,,,,,,,,9,7,,2013-06-01T00:00:00,2013-06-01T00:00:00,,,,,,, ,,,,,0,,,US,0,994,0,12,0
99400263,,,,,0,0,0,,,,,994,263,0099400263,,,N,N,N,N,,,,,,,,,,,9,9,,2017-08-01T00:00:00,2017-08-01T00:00:00,,,,,,, ,,,,,0,,,US,0,994,0,12,0
99400264,,,,,0,0,0,,,,,994,264,0099400264,,,N,N,N,N,,,,,,,,,,,10,10,,2012-03-01T00:00:00,2012-03-01T00:00:00,,,,,,, ,,,,,0,,,US,0,994,0,12,0
99400265,,,,,0,0,0,,,,,994,265,0099400265,,,N,N,N,N,,,,,,,,,,,9,5,,2019-06-01T00:00:00,2019-06-01T00:00:00,,,,,,, ,,,,,0,,,US,0,994,0,12,0
99400267,,,,,0,0,0,,,,,994,267,0099400267,,,N,N,N,N,,,,,,,,,,,10,10,,2009-09-01T00:00:00,2009-09-01T00:00:00,,,,,,, ,,,,,0,,,US,0,994,0,12,0
99400268,,,,,0,0,0,,,,,994,268,0099400268,,,N,N,N,N,,,,,,,,,,,11,11,,2017-08-01T00:00:00,2017-08-01T00:00:00,,,,,,, ,,,,,0,,,US,0,994,0,12,0
99400271,,,,,0,0,0,,,,,994,271,0099400271,,,N,N,N,N,,,,2019-12-05T00:00:00,,,,,,,10,10,,2007-09-01T00:00:00,2007-09-01T00:00:00,,,,,,, ,,,,,0,,,US,0,994,0,12,0
99400280,,,,,0,0,0,,,,,994,280,0099400280,,,N,N,N,N,,,,,,,,,,,9,5,,2010-09-01T00:00:00,2010-09-01T00:00:00,,,,,,, ,,,,,0,,,US,0,994,0,12,0
99400292,,,,,0,0,0,,,,,994,292,0099400292,,,N,N,N,N,,,,2019-10-04T00:00:00,,,,,,,10,0,,2009-09-01T00:00:00,2009-09-01T00:00:00,,,,,,, ,,,,,0,Covina,CA,US,14,994,0,12,0
99400293,,,,,0,0,0,,,,,994,293,0099400293,,,N,N,N,N,,,,,,,,,,,9,5,,2011-09-01T00:00:00,2011-09-01T00:00:00,,,,,,, ,,,,,0,,,US,0,994,0,12,0
99400296,,,,,0,0,0,,,,,994,296,0099400296,,,N,N,N,N,,,,,,,,,,,9,5,,2007-07-01T00:00:00,2007-07-01T00:00:00,,,,,,, ,,,,,0,,,KP,0,994,0,12,0
99400297,,,,,0,0,0,,,,,994,297,0099400297,,,N,N,N,N,,,,,,,,,,,10,10,,2018-05-01T00:00:00,2018-05-01T00:00:00,,,,,,, ,,,,,0,,,US,0,994,0,12,0
99400300,,,,,0,0,0,,,,,994,300,0099400300,,,N,N,N,N,,,,,,,,,,,10,10,,2011-01-01T00:00:00,2011-01-01T00:00:00,,,,,,, ,,,,,0,,,US,0,994,0,12,0
99400306,,,,,0,0,0,,,,,994,306,0099400306,,,N,N,N,N,,,,,,,,,,,10,10,,2009-06-01T00:00:00,2009-06-01T00:00:00,,,,,,, ,,,,,0,,,US,0,994,0,12,0
99400307,,,,,0,0,0,,,,,994,307,0099400307,,,N,N,N,N,,,,,,,,,,,9,9,,2010-10-01T00:00:00,2010-10-01T00:00:00,,,,,,, ,,,,,0,,,US,0,994,0,12,0
99400327,,,,,0,0,0,,,,,994,327,0099400327,,,N,N,N,N,,,,,,,,,,,9,5,,2013-06-01T00:00:00,2013-06-01T00:00:00,,,,,,, ,,,,,0,,,US,0,994,0,12,0
99400329,,,,,0,0,0,,,,,994,329,0099400329,,,N,N,N,N,,,,,,,,,,,11,11,,2010-01-21T00:00:00,2010-01-21T00:00:00,,,,,,, ,,,,,0,,,BR,0,994,0,12,0
99400332,,,,,0,0,0,,,,,994,332,0099400332,,,N,N,N,N,,,,,,,,,,,9,5,,2016-10-01T00:00:00,2016-10-01T00:00:00,,,,,,, ,,,,,0,,,US,0,994,0,12,0
99400334,,,,,0,0,0,,,,,994,334,0099400334,,,N,N,N,N,,,,,,,,,,,9,5,,2017-12-01T00:00:00,2017-12-01T00:00:00,,,,,,, ,,,,,0,,,US,0,994,0,12,0
99400340,,,,,0,0,0,,,,,994,340,0099400340,,,N,N,N,N,,,,,,,,,,,11,11,,2019-07-01T00:00:00,2019-07-01T00:00:00,,,,,,, ,,,,,0,,,KP,0,994,0,12,0
99400344,,,,,0,0,0,,,,,994,344,0099400344,,,N,N,N,N,,,,,,,,,,,10,10,,2019-01-01T00:00:00,2019-01-01T00:00:00,,,,,,, ,,,,,0,,,US,0,994,0,12,0
99400349,,,,,0,0,0,,,,,994,349,0099400349,,,N,N,N,N,,,,,,,,,,,9,9,,2014-09-01T00:00:00,2014-09-01T00:00:00,,,,,,, ,,,,,0,,,US,0,994,0,12,0
99400361,,,,2020-06-14T00:00:00,0,0,0,,,,,994,361,0099400361,,,N,N,N,N,,,,,,,160,,,,10,10,,2018-12-01T00:00:00,2018-12-01T00:00:00,,,,,,, ,,,,,0,Glendora,CA,US,0,994,0,12,0
99400367,,,,,0,0,0,,,,,994,367,0099400367,,,N,N,N,N,,,,,,,,,,,9,8,,2017-09-01T00:00:00,2017-09-01T00:00:00,,,,,,, ,,,,,0,,,US,0,994,0,12,0
99400370,,,,,0,0,0,,,,,994,370,0099400370,,,N,N,N,N,,,,,,,,,,,9,5,,2014-08-01T00:00:00,2014-08-01T00:00:00,,,,,,, ,,,,,0,,,US,0,994,0,12,0
99400380,,,,,0,0,0,,,,,994,380,0099400380,,,N,N,N,N,,,,,,,,,,,9,8,,2018-09-01T00:00:00,2018-09-01T00:00:00,,,,,,, ,,,,,0,,,US,0,994,0,12,0
99400386,,,,,0,0,0,,,,,994,386,0099400386,,,N,N,N,N,,,,,,,,,,,9,5,,2017-12-01T00:00:00,2017-12-01T00:00:00,,,,,,, ,,,,,0,,,US,0,994,0,12,0
99400387,,,,,0,0,0,,,,,994,387,0099400387,,,N,N,N,N,,,,,,,,,,,9,5,,2013-09-01T00:00:00,2013-09-01T00:00:00,,,,,,, ,,,,,0,,,US,0,994,0,12,0
99400392,,,,,0,0,0,,,,,994,392,0099400392,,,N,N,N,N,,,,,,,,,,,9,7,,2007-09-01T00:00:00,2007-09-01T00:00:00,,,,,,, ,,2015-01-28T00:00:00,,,0,,,US,0,994,0,12,0
99400397,,,,,0,0,0,,,,,994,397,0099400397,,,N,N,N,N,,,,,,,,,,,10,10,,2019-03-01T00:00:00,2019-03-01T00:00:00,,,,,,, ,,,,,0,,,US,0,994,0,12,0
99400402,,,,,0,0,0,,,,,994,402,0099400402,,,N,N,N,N,,,,,,,,,,,9,7,,2017-07-01T00:00:00,2017-07-01T00:00:00,,,,,,, ,,,,,0,,,IN,0,994,0,12,0
99400408,,,,,0,0,0,,,,,994,408,0099400408,,,N,N,N,N,,,,,,,,,,,9,8,,2013-09-01T00:00:00,2013-09-01T00:00:00,,,,,,, ,,,,,0,,,US,0,994,0,12,0
99400421,,,,,0,0,0,,,,,994,421,0099400421,,,N,N,N,N,,,,,,,,,,,9,5,,2016-04-04T00:00:00,2016-04-04T00:00:00,,,,,,, ,,,,,0,,,US,0,994,0,12,0
99400433,,,,,0,0,0,,,,,994,433,0099400433,,,N,N,N,N,,,,,,,,,,,9,8,,2018-04-01T00:00:00,2018-04-01T00:00:00,,,,,,, ,,,,,0,,,US,0,994,0,12,0
99400436,,,,,0,0,0,,,,,994,436,0099400436,,,N,N,N,N,,,,,,,,,,,9,5,,2015-04-04T00:00:00,2015-04-04T00:00:00,,,,,,, ,,,,,0,,,US,0,994,0,12,0
99400439,,,,,0,0,0,,,,,994,439,0099400439,,,N,N,N,N,,,,,,,,,,,9,8,,2006-07-01T00:00:00,2006-07-01T00:00:00,,,,,,, ,,,,,0,,,US,0,994,0,12,0
99400440,,,,,0,0,0,,,,,994,440,0099400440,,,N,N,N,N,,,,,,,,,,,9,8,,2016-04-26T00:00:00,2016-04-26T00:00:00,,,,,,, ,,,,,0,,,US,0,994,0,12,0
99400443,,,,,0,0,0,,,,,994,443,0099400443,,,N,N,N,N,,,,2019-10-09T00:00:00,,,,,2017-06-25T12:07:37,,12,9,,2011-09-06T00:00:00,2011-09-06T00:00:00,,,,,,, ,,,,,0,Los Angeles,CA,US,19,994,0,12,0
99400447,,,,,0,0,0,,,,,994,447,0099400447,,,N,N,N,N,,,,,,,,,,,9,5,,2010-09-01T00:00:00,2010-09-01T00:00:00,,,,,,, ,,,,,0,,,US,0,994,0,12,0
99400450,,,,,0,0,0,,,,,994,450,0099400450,,,N,N,N,N,,,,,,,,,,,9,5,,2009-07-28T00:00:00,2009-07-28T00:00:00,,,,,,, ,,,,,0,,,US,0,994,0,12,0
99400456,,,,,0,0,0,,,,,994,456,0099400456,,,N,N,N,N,,,,,,,,,,,9,9,,2017-03-30T00:00:00,2017-03-30T00:00:00,,,,,,, ,,,,,0,,,US,0,994,0,12,0
99400460,,,,,0,0,0,,,,,994,460,0099400460,,,N,N,N,N,,,,,,,,,,,9,7,,2007-07-01T00:00:00,2007-07-01T00:00:00,,,,,,, ,,,,,0,,,US,0,994,0,12,0
99400461,,,,,0,0,0,,,,,994,461,0099400461,,,N,N,N,N,,,,,,,,,,,11,11,,2015-03-01T00:00:00,2015-03-01T00:00:00,,,,,,, ,,,,,0,,,US,0,994,0,12,0
99400466,,,,,0,0,0,,,,,994,466,0099400466,,,N,N,N,N,,,,,,,,,,,9,5,,2015-04-04T00:00:00,2015-04-04T00:00:00,,,,,,, ,,,,,0,,,US,0,994,0,12,0
99400470,,,,,0,0,0,,,,,994,470,0099400470,,,N,N,N,N,,,,,,,,,,,9,5,,2015-04-01T00:00:00,2015-04-01T00:00:00,,,,,,, ,,,,,0,,,US,0,994,0,12,0
99400472,,,,,0,0,0,,,,,994,472,0099400472,,,N,N,N,N,,,,,,,,,,,9,5,,2008-07-01T00:00:00,2008-07-01T00:00:00,,,,,,, ,,,,,0,,,US,0,994,0,12,0
99400473,,,,,0,0,0,,,,,994,473,0099400473,,,N,N,N,N,,,,,,,,,,,9,5,,2016-09-01T00:00:00,2016-09-01T00:00:00,,,,,,, ,,,,,0,,,US,0,994,0,12,0
99400474,,,,,0,0,0,,,,,994,474,0099400474,,,N,N,N,N,,,,,,,,,,,11,11,,2009-07-01T00:00:00,2009-07-01T00:00:00,,,,,,, ,,,,,0,,,US,0,994,0,12,0
99400476,,,,,0,0,0,,,,,994,476,0099400476,,,N,N,N,N,,,,,,,,,,,9,5,,2007-09-01T00:00:00,2007-09-01T00:00:00,,,,,,, ,,,,,0,,,US,0,994,0,12,0
99400484,,,,,0,0,0,,,,,994,484,0099400484,,,N,N,N,N,,,,,,,,,,,9,5,,2010-08-30T00:00:00,2010-08-30T00:00:00,,,,,,, ,,,,,0,,,US,0,994,0,12,0
99400487,,,,,0,0,0,,,,,994,487,0099400487,,,N,N,N,N,,,,,,,,,,,9,5,,2007-07-01T00:00:00,2007-07-01T00:00:00,,,,,,, ,,,,,0,,,US,0,994,0,12,0
99400488,,,,,0,0,0,,,,,994,488,0099400488,,,N,N,N,N,,,,,,,,,,,11,11,,2010-07-01T00:00:00,2010-07-01T00:00:00,,,,,,, ,,,,,0,,,US,0,994,0,12,0
99400496,,,,,0,0,0,,,,,994,496,0099400496,,,N,N,N,N,,,,,,,,,,,9,5,,2007-07-01T00:00:00,2007-07-01T00:00:00,,,,,,, ,,,,,0,,,KP,0,994,0,12,0
99400500,,,,,0,0,0,,,,,994,500,0099400500,,,N,N,N,N,,,,,,,,,,,9,8,,2010-09-07T00:00:00,2010-09-07T00:00:00,,,,,,, ,,,,,0,,,US,0,994,0,12,0
99400504,,,,,0,0,0,,,,,994,504,0099400504,,,N,N,N,N,,,,,,,,,,,9,5,,2009-01-11T00:00:00,2009-01-11T00:00:00,,,,,,, ,,,,,0,,,US,0,994,0,12,0
99400507,,,,,0,0,0,,,,,994,507,0099400507,,,N,N,N,N,,,,,,,,,,,9,5,,2010-01-01T00:00:00,2010-01-01T00:00:00,,,,,,, ,,,,,0,,,US,0,994,0,12,0
99400509,,,,,0,0,0,,,,,994,509,0099400509,,,N,N,N,N,,,,,,,,,,,9,9,,2007-09-01T00:00:00,2007-09-01T00:00:00,,,,,,, ,,,,,0,,,US,0,994,0,12,0
99400511,,,,,0,0,0,,,,,994,511,0099400511,,,N,N,N,N,,,,,,,,,,,9,5,,2007-12-01T00:00:00,2007-12-01T00:00:00,,,,,,, ,,,,,0,,,MX,0,994,0,12,0
99400513,,,,,0,0,0,,,,,994,513,0099400513,,,N,N,N,N,,,,,,,,,2016-10-27T08:33:51,,11,11,,2012-07-01T00:00:00,2012-07-01T00:00:00,,,,,,, ,,,,,0,Los Angeles,CA,US,10,994,0,12,0
99400538,,,,,0,0,0,,,,,994,538,0099400538,,,N,N,N,N,,,,,,,,,,,9,5,,2010-07-01T00:00:00,2010-07-01T00:00:00,,,,,,, ,,,,,0,,,US,0,994,0,12,0
99400542,,,,,0,0,0,,,,,994,542,0099400542,,,N,N,N,N,,,,,,,,,,,10,10,,2014-07-01T00:00:00,2014-07-01T00:00:00,,,,,,, ,,,,,0,West Covina,CA,US,0,994,0,12,0
99400547,,,,,0,0,0,,,,,994,547,0099400547,,,N,N,N,N,,,,,,,,,,,9,5,,2011-01-01T00:00:00,2011-01-01T00:00:00,,,,,,, ,,,,,0,,,IR,0,994,0,12,0
99400549,,,,,0,0,0,,,,,994,549,0099400549,,,N,N,N,N,,,,,,,,,,,10,10,,2018-08-01T00:00:00,2018-08-01T00:00:00,,,,,,, ,,,,,0,,,US,0,994,0,12,0
99400558,,,,,0,0,0,,,,,994,558,0099400558,,,N,N,N,N,,,,,,,,,,,9,7,,2018-09-01T00:00:00,2018-09-01T00:00:00,,,,,,, ,,,,,0,,,US,0,994,0,12,0
99400560,,,,,0,0,0,,,,,994,560,0099400560,,,Y,N,Y,N,,,,,,,,,,,9,5,,2018-08-01T00:00:00,2018-08-01T00:00:00,,,,,,, ,,,,,0,,,US,0,994,0,12,0
99400568,,,,,0,0,0,,,,,994,568,0099400568,,,N,N,N,N,,,,,,,,,,,9,5,,2009-09-01T00:00:00,2009-09-01T00:00:00,,,,,,, ,,,,,0,,,US,0,994,0,12,0
99400571,,,,,0,0,0,,,,,994,571,0099400571,,,N,N,N,N,,,,,,,,,,,9,5,,2010-01-01T00:00:00,2010-01-01T00:00:00,,,,,,, ,,,,,0,,,US,0,994,0,12,0
99400574,,,,,0,0,0,,,,,994,574,0099400574,,,N,N,N,N,,,,,,,,,,,9,5,,2013-01-01T00:00:00,2013-01-01T00:00:00,,,,,,, ,,,,,0,,,CN,0,994,0,12,0
99400579,,,,,0,0,0,,,,,994,579,0099400579,,,N,N,N,N,,,,,,,,,,,9,5,,2013-08-01T00:00:00,2013-08-01T00:00:00,,,,,,, ,,,,,0,,,KP,0,994,0,12,0
99400589,,,,,0,0,0,,,,,994,589,0099400589,,,N,N,N,N,,,,,,,,,,,9,5,,2008-03-01T00:00:00,2008-03-01T00:00:00,,,,,,, ,,,,,0,,,ZA,0,994,0,12,0
99400590,,,,,0,0,0,,,,,994,590,0099400590,,,N,N,N,N,,,,,,,,,,,10,10,,2015-09-01T00:00:00,2015-09-01T00:00:00,,,,,,, ,,,,,0,,,US,0,994,0,12,0
99400591,,,,,0,0,0,,,,,994,591,0099400591,,,N,N,N,N,,,,,,,,,,,9,5,,2018-03-01T00:00:00,2018-03-01T00:00:00,,,,,,, ,,,,,0,,,US,0,994,0,12,0
99400608,,,,,0,0,0,,,,,994,608,0099400608,,,N,N,N,N,,,,,,,,,,,10,10,,2008-03-01T00:00:00,2008-03-01T00:00:00,,,,,,, ,,,,,0,,,TW,0,994,0,12,0
99400616,,,,,0,0,0,,,,,994,616,0099400616,,,N,N,N,N,,19645760000000,,,,,,,,,10,10,,2015-09-01T00:00:00,2015-09-01T00:00:00,,,,,,, ,,,,,0,Bellflower,CA,US,0,994,0,12,0
99400619,,,,,0,0,0,,,,,994,619,0099400619,,,N,N,N,N,,,,,,,,,,,9,5,,2019-05-01T00:00:00,2019-05-01T00:00:00,,,,,,, ,,,,,0,,,US,0,994,0,12,0
99400634,,,,,0,0,0,,,,,994,634,0099400634,,,N,N,N,N,,,,,,,,,,,9,5,,2017-04-01T00:00:00,2017-04-01T00:00:00,,,,,,, ,,,,,0,,,RU,0,994,0,12,0
99400649,,,,,0,0,0,,,,,994,649,0099400649,,,N,N,N,N,,,,,,,,,,,9,5,,2018-09-01T00:00:00,2018-09-01T00:00:00,,,,,,, ,,,,,0,,,US,0,994,0,12,0
99400651,,,,,0,0,0,,,,,994,651,0099400651,,,N,N,N,N,,,,,,,,,,,9,5,,2014-01-01T00:00:00,2014-01-01T00:00:00,,,,,,, ,,,,,0,,,US,0,994,0,12,0
99400655,,,,,0,0,0,,,,,994,655,0099400655,,,N,N,N,N,,,,,,,,,,,9,5,,2018-05-01T00:00:00,2018-05-01T00:00:00,,,,,,, ,,,,,0,,,US,0,994,0,12,0
99400662,,,,,0,0,0,,,,,994,662,0099400662,,,N,N,N,N,,,,,,,,,,,9,5,,2015-09-01T00:00:00,2015-09-01T00:00:00,,,,,,, ,,,,,0,,,CO,0,994,0,12,0
99400663,,,,,0,0,0,,,,,994,663,0099400663,,,N,N,N,N,,,,,,,,,,,9,5,,2018-09-01T00:00:00,2018-09-01T00:00:00,,,,,,, ,,,,,0,,,ZA,0,994,0,12,0
99400670,,,,,0,0,0,,,,,994,670,0099400670,,,N,N,N,N,,,,,,,,,,,9,5,,2018-09-01T00:00:00,2018-09-01T00:00:00,,,,,,, ,,,,,0,,,US,0,994,0,12,0
99400682,,,,,0,0,0,,,,,994,682,0099400682,,,N,N,N,N,,,,,,,,,,,9,6,,2018-07-01T00:00:00,2018-07-01T00:00:00,,,,,,, ,,,,,0,,,CN,0,994,0,12,0
99400691,,,,,0,0,0,,,,,994,691,0099400691,,,N,N,N,N,,,,,,,,,,,9,7,,2017-08-01T00:00:00,2017-08-01T00:00:00,,,,,,, ,,,,,0,,,KR,0,994,0,12,0
99400697,,,,,0,0,0,,,,,994,697,0099400697,,,N,N,N,N,,,,,,,,,,,9,5,,2011-12-01T00:00:00,2011-12-01T00:00:00,,,,,,, ,,,,,0,,,JP,0,994,0,12,0
99400699,,,,,0,0,0,,,,,994,699,0099400699,,,N,N,N,N,,,,,,,,,,,9,5,,2015-09-12T00:00:00,2015-09-12T00:00:00,,,,,,, ,,,,,0,,,US,0,994,0,12,0
99400710,,,,,0,0,0,,,,,994,710,0099400710,,,N,N,N,N,,,,,,,,,,,9,6,,2016-09-01T00:00:00,2016-09-01T00:00:00,,,,,,, ,,,,,0,,,ID,0,994,0,12,0
99400719,,,,,0,0,0,,,,,994,719,0099400719,,,N,N,N,N,,,,,,,160,,,,9,9,,2017-09-01T00:00:00,2017-09-01T00:00:00,,,,,,, ,,,,,0,West Covina,CA,US,0,994,0,12,0
99400721,,,,,0,0,0,,,,,994,721,0099400721,,,N,N,N,N,,,,,,,,,,,9,7,,2007-09-01T00:00:00,2007-09-01T00:00:00,,,,,,, ,,,,,0,,,IN,0,994,0,12,0
99400724,,,,,0,0,0,,,,,994,724,0099400724,,,N,N,N,N,,,,,,,,,,,9,7,,2018-09-01T00:00:00,2018-09-01T00:00:00,,,,,,, ,,,,,0,,,KP,0,994,0,12,0
99400727,,,,,0,0,0,,,,,994,727,0099400727,,,N,N,N,N,,,,,,,,,,,9,5,,2013-09-01T00:00:00,2013-09-01T00:00:00,,,,,,, ,,,,,0,,,WS,0,994,0,12,0
99400730,,,,,0,0,0,,,,,994,730,0099400730,,,N,N,N,N,,,,,,,,,,,9,5,,2017-09-01T00:00:00,2017-09-01T00:00:00,,,,,,, ,,,,,0,,,WS,0,994,0,12,0
99400740,,,,,0,0,0,,,,,994,740,0099400740,,,N,N,N,N,,,,,,,,,,,9,5,,2008-09-01T00:00:00,2008-09-01T00:00:00,,,,,,, ,,2013-05-30T00:00:00,,,0,,,KH,0,994,0,12,0
99400743,,,,,0,0,0,,,,,994,743,0099400743,,,N,N,N,N,,,,,,,,,,,9,5,,2010-09-07T00:00:00,2010-09-07T00:00:00,,,,,,, ,,,,,0,,,US,0,994,0,12,0
99400749,,,,,0,0,0,,,,,994,749,0099400749,,,N,N,N,N,,,,,,,,,,,11,11,,2017-09-01T00:00:00,2017-09-01T00:00:00,,,,,,, ,,,,,0,Pomona,CA,US,0,994,0,12,0
99400754,,,,,0,0,0,,,,,994,754,0099400754,,,N,N,N,N,,,,2019-08-14T00:00:00,,,,,,,10,10,,2014-09-01T00:00:00,2014-09-01T00:00:00,,,,,,, ,,,,,0,West Covina,CA,US,888,994,0,12,0
99400758,,,,,0,0,0,,,,,994,758,0099400758,,,N,N,N,N,,,,,,,,,,,9,5,,2009-03-01T00:00:00,2009-03-01T00:00:00,,,,,,, ,,,,,0,,,US,0,994,0,12,0
99400760,,,,,0,0,0,,,,,994,760,0099400760,,,N,N,N,N,,,,,,,,,,,9,6,,2002-09-01T00:00:00,2002-09-01T00:00:00,,,,,,, ,,,,,0,,,US,0,994,0,12,0
99400774,,,,,0,0,0,,,,,994,774,0099400774,,,N,N,N,N,,,,,,,,,2016-12-02T15:12:06,,11,11,,2012-08-01T00:00:00,2012-08-01T00:00:00,,,,,,, ,,,,,0,Los Angeles,CA,US,0,994,0,12,0
99400779,,,,,0,0,0,,,,,994,779,0099400779,,,N,N,N,N,,,,,,,,,,,9,6,,2015-03-15T00:00:00,2015-03-15T00:00:00,,,,,,, ,,,,,0,,,US,0,994,0,12,0
99400781,,,,,0,0,0,,,,,994,781,0099400781,,,N,N,N,N,,,,2018-11-15T00:00:00,,,,,,,9,5,,2019-08-31T00:00:00,2019-08-31T00:00:00,,,,,,, ,,,,,0,,,US,0,994,0,12,0
99400783,,,,,0,0,0,,,,,994,783,0099400783,,,N,N,N,N,,,,,,,,,,,9,5,,2010-09-01T00:00:00,2010-09-01T00:00:00,,,,,,, ,,,,,0,,,PK,0,994,0,12,0
99400796,,,,,0,0,0,,,,,994,796,0099400796,,,N,N,N,N,,,,,,,,,2020-03-21T13:29:16.19,,11,11,,2019-05-01T00:00:00,2019-05-01T00:00:00,,,,,,, ,,,,,0,Glendora,CA,US,0,994,0,12,0
99400811,,,,,0,0,0,,,,,994,811,0099400811,,,N,N,N,N,,,,,,,,,,,10,10,,2008-07-01T00:00:00,2008-07-01T00:00:00,,,,,,, ,,,,,0,,,PH,0,994,0,12,0
99400816,,,,,0,0,0,,,,,994,816,0099400816,,,N,N,N,N,,,,,,,,,,,9,5,,2018-08-01T00:00:00,2018-08-01T00:00:00,,,,,,, ,,,,,0,,,HK,0,994,0,12,0
99400818,,,,,0,0,0,,,,,994,818,0099400818,,,N,N,N,N,,,,,,,,,,,10,10,,2010-09-07T00:00:00,2010-09-07T00:00:00,,,,,,, ,,,,,0,,,US,0,994,0,12,0
99400820,,,,,0,0,0,,,,,994,820,0099400820,,,N,N,N,N,,,,,,,,,,,9,5,,2016-08-01T00:00:00,2016-08-01T00:00:00,,,,,,, ,,,,,0,,,US,0,994,0,12,0
99400821,,,,,0,0,0,,,,,994,821,0099400821,,,N,N,N,N,,,,,,,,,,,9,5,,2007-07-01T00:00:00,2007-07-01T00:00:00,,,,,,, ,,,,,0,,,IN,0,994,0,12,0
99400823,,,,,0,0,0,,,,,994,823,0099400823,,,N,N,N,N,,,,,,,,,,,9,5,,2014-09-01T00:00:00,2014-09-01T00:00:00,,,,,,, ,,,,,0,,,KP,0,994,0,12,0
99400826,,,,,0,0,0,,,,,994,826,0099400826,,,N,N,N,N,,,,,,,,,,,9,5,,2006-09-01T00:00:00,2006-09-01T00:00:00,,,,,,, ,,,,,0,,,US,0,994,0,12,0
99400828,,,,,0,0,0,,,,,994,828,0099400828,,,N,N,N,N,,,,,,,,,,,9,5,,2017-10-01T00:00:00,2017-10-01T00:00:00,,,,,,, ,,,,,0,,,US,0,994,0,12,0
99400833,,,,,0,0,0,,,,,994,833,0099400833,,,N,N,N,N,,,,,,,,,,,9,6,,2009-05-01T00:00:00,2009-05-01T00:00:00,,,,,,, ,,,,,0,,,US,0,994,0,12,0
99400844,,,,,0,0,0,,,,,994,844,0099400844,,,N,N,N,N,,,,,,,,,,,11,11,,2017-07-01T00:00:00,2017-07-01T00:00:00,,,,,,, ,,,,,0,Glendora,CA,US,0,994,0,12,0
99400848,,,,,0,0,0,,,,,994,848,0099400848,,,N,N,N,N,,,,,,,,,,,9,5,,2010-07-01T00:00:00,2010-07-01T00:00:00,,,,,,, ,,,,,0,,,US,0,994,0,12,0
99400855,,,,,0,0,0,,,,,994,855,0099400855,,,N,N,N,N,,,,,,,200,,,,9,7,,2011-09-01T00:00:00,2011-09-01T00:00:00,,,,,,, ,,,,,0,,,US,0,994,0,12,0
99400859,,,,,0,0,0,,,,,994,859,0099400859,,,N,N,N,N,,,,,,,,,,,10,10,,2010-07-01T00:00:00,2010-07-01T00:00:00,,,,,,, ,,,,,0,,,JP,0,994,0,12,0
99400861,,,,,0,0,0,,,,,994,861,0099400861,,,N,N,N,N,,,,,,,,,,,11,11,,2012-02-01T00:00:00,2012-02-01T00:00:00,,,,,,, ,,,,,0,,,US,0,994,0,12,0
99400865,,,,,0,0,0,,,,,994,865,0099400865,,,N,N,N,N,,,,,,,,,,,11,11,,2014-03-01T00:00:00,2014-03-01T00:00:00,,,,,,, ,,,,,0,,,CN,0,994,0,12,0
99400870,,,,,0,0,0,,,,,994,870,0099400870,,,N,N,N,N,,,,,,,,,,,9,7,,2010-09-01T00:00:00,2010-09-01T00:00:00,,,,,,, ,,,,,0,,,US,0,994,0,12,0
99400873,,,,,0,0,0,,,,,994,873,0099400873,,,N,N,N,N,,,,,,,,,,,11,11,,2007-09-01T00:00:00,2007-09-01T00:00:00,,,,,,, ,,,,,0,,,CA,0,994,0,12,0
99400881,,,,,0,0,0,,,,,994,881,0099400881,,,N,N,N,N,,,,,,,,,,,11,11,,2017-03-01T00:00:00,2017-03-01T00:00:00,,,,,,, ,,,,,0,,,US,0,994,0,12,0
99400882,,,,,0,0,0,,,,,994,882,0099400882,,,N,N,N,N,,,,,,,,,2017-02-09T08:34:08,,11,11,,2018-08-01T00:00:00,2018-08-01T00:00:00,,,,,,, ,,,,,0,Los Angeles,CA,US,0,994,0,12,0
99400886,,,,,0,0,0,,,,,994,886,0099400886,2021-06-26T00:00:00,,N,N,N,N,,19651280000000,,,,,,,,,10,10,,2017-09-01T00:00:00,2017-09-01T00:00:00,,,,,,, ,,,,,0,Anaheim,CA,US,0,994,0,12,0
99400889,,,,,0,0,0,,,,,994,889,0099400889,,,N,N,N,N,,,,,,,,,,,11,9,,2009-07-01T00:00:00,2009-07-01T00:00:00,,,,,,, ,,,,,0,Los Angeles,CA,US,17,994,0,12,0
99400890,,,,,0,0,0,,,,,994,890,0099400890,,,N,N,N,N,,,,,,,,,,,11,11,,2006-09-01T00:00:00,2006-09-01T00:00:00,,,,,,, ,,,,,0,La Habra,CA,US,0,994,0,12,0
99400893,,,,,0,0,0,,,,,994,893,0099400893,,,N,N,N,N,,,,,,,,,2017-01-14T15:36:21,,11,0,,2011-01-01T00:00:00,2011-01-01T00:00:00,,,,,,, ,,,,,0,Los Angeles,CA,US,19,994,0,12,0
99400895,,,,,0,0,0,,,,,994,895,0099400895,,,N,N,N,N,,,,,,,,,,,11,11,,2016-08-01T00:00:00,2016-08-01T00:00:00,,,,,,, ,,,,,0,,,US,0,994,0,12,0
99400897,,,,,0,0,0,,,,,994,897,0099400897,,,N,N,N,N,,,,,,,,,,,9,5,,2015-02-22T00:00:00,2015-02-22T00:00:00,,,,,,, ,,,,,0,,,PH,0,994,0,12,0
99400906,,,,,0,0,0,,,,,994,906,0099400906,,,N,N,N,N,,,,,,,,,,,9,5,,2007-07-01T00:00:00,2007-07-01T00:00:00,,,,,,, ,,,,,0,,,IR,0,994,0,12,0
99400910,,,,,0,0,0,,,,,994,910,0099400910,,,N,N,N,N,,,,,,,,,,,10,10,,2014-02-23T00:00:00,2014-02-23T00:00:00,,,,,,, ,,,,,0,,,CN,0,994,0,12,0
99400915,,,,,0,0,0,,,,,994,915,0099400915,,,N,N,N,N,,,,,,,,,,,9,7,,2010-08-02T00:00:00,2010-08-02T00:00:00,,,,,,, ,,,,,0,,,US,0,994,0,12,0
99400919,,,,,0,0,0,,,,,994,919,0099400919,,,N,N,N,N,,,,,,,,,,,9,5,,2015-09-01T00:00:00,2015-09-01T00:00:00,,,,,,, ,,,,,0,,,RU,0,994,0,12,0
99400924,,,,,0,0,0,,,,,994,924,0099400924,,,N,N,N,N,,,,,,,,,,,9,8,,2010-07-01T00:00:00,2010-07-01T00:00:00,,,,,,, ,,,,,0,,,US,0,994,0,12,0
99400927,,,,,0,0,0,,,,,994,927,0099400927,,,N,N,N,N,,,,,,,,,,,9,5,,2018-08-01T00:00:00,2018-08-01T00:00:00,,,,,,, ,,,,,0,,,US,0,994,0,12,0
99400929,,,,,0,0,0,,,,,994,929,0099400929,,,N,N,N,N,,,,,,,,,,,9,5,,2018-08-01T00:00:00,2018-08-01T00:00:00,,,,,,, ,,,,,0,,,TW,0,994,0,12,0
99400932,,,,,0,0,0,,,,,994,932,0099400932,,,N,N,N,N,,,,,,,,,,,10,10,,2011-09-24T00:00:00,2011-09-24T00:00:00,,,,,,, ,,,,,0,West Covina,CA,US,0,994,0,12,0
99400934,,,,2020-06-14T00:00:00,0,0,0,,,,,994,934,0099400934,,,N,N,N,N,,,,,,,180,,,,9,5,,2009-09-09T00:00:00,2009-09-09T00:00:00,,,,,,, ,,,,,0,,,US,0,994,0,12,0
99400941,,,,,0,0,0,,,,,994,941,0099400941,,,N,N,N,N,,,,,,,,,,,9,5,,,,,,,,,, ,,,,,0,,,CH,0,994,0,12,0
99400952,,,,,0,0,0,,,,,994,952,0099400952,,,N,N,N,N,,,,,,,,,,,10,10,,2010-05-25T00:00:00,2010-05-25T00:00:00,,,,,,, ,,,,,0,,,US,0,994,0,12,0
99400955,,,,,0,0,0,,,,,994,955,0099400955,,,N,N,N,N,,,,,,,,,,,9,6,,2013-07-28T00:00:00,2013-07-28T00:00:00,,,,,,, ,,,,,0,,,US,0,994,0,12,0
99400965,,,,,0,0,0,,,,,994,965,0099400965,,,N,N,N,N,,,,,,,,,,,9,5,,2009-09-01T00:00:00,2009-09-01T00:00:00,,,,,,, ,,,,,0,,,KP,0,994,0,12,0
99400968,,,,,0,0,0,,,,,994,968,0099400968,,,N,N,N,N,,,,,,,,,,,9,9,,2010-09-07T00:00:00,2010-09-07T00:00:00,,,,,,, ,,,,,0,Duarte,CA,US,0,994,0,12,0
99400975,,,,,0,0,0,,,,,994,975,0099400975,,,N,N,N,N,,,,,,,,,,,9,8,,,,,,,,,, ,,,,,0,,,US,0,994,0,12,0
99400978,,,,,0,0,0,,,,,994,978,0099400978,,,N,N,N,N,,,,,,,,,,,9,7,,2009-09-07T00:00:00,2009-09-07T00:00:00,,,,,,, ,,,,,0,,,TH,0,994,0,12,0
99400985,,,,,0,0,0,,,,,994,985,0099400985,,,N,N,N,N,,,,,,,,,,,9,5,,2010-05-15T00:00:00,2010-05-15T00:00:00,,,,,,, ,,,,,0,,,RO,0,994,0,12,0
99401027,,,,,0,0,0,,,,,994,1027,0099401027,,,N,N,N,N,,,,2019-10-12T00:00:00,,,,,,,9,5,,2006-09-01T00:00:00,2006-09-01T00:00:00,,,,,,, ,,,,,0,,,US,0,994,0,12,0
99401033,,,,,0,0,0,,,,,994,1033,0099401033,,,N,N,N,N,,,,,,,,,,,9,5,,2009-09-09T00:00:00,2009-09-09T00:00:00,,,,,,, ,,,,,0,,,OM,0,994,0,12,0
99401037,,,,,0,0,0,,,,,994,1037,0099401037,,,N,N,N,N,,,,,,,,,,,9,5,,2009-09-09T00:00:00,2009-09-09T00:00:00,,,,,,, ,,,,,0,,,US,0,994,0,12,0
99401043,,,,,0,0,0,,,,,994,1043,0099401043,,,N,N,N,N,,,,,,,,,,,11,11,,2009-09-09T00:00:00,2009-09-09T00:00:00,,,,,,, ,,,,,0,,,DE,0,994,0,12,0
99401044,,,,,0,0,0,,,,,994,1044,0099401044,,,N,N,N,N,,,,,,,,,,,9,8,,2011-09-06T00:00:00,2011-09-06T00:00:00,,,,,,, ,,,,,0,,,IN,0,994,0,12,0
99401048,,,,,0,0,0,,,,,994,1048,0099401048,,,N,N,N,N,,,,,,,,,,,11,11,,2011-09-06T00:00:00,2011-09-06T00:00:00,,,,,,, ,,2019-08-28T00:00:00,,,0,Alexandria,,EG,0,994,0,12,0
99401054,,,,,0,0,0,,,,,994,1054,0099401054,,,N,N,N,N,,,,,,,,,,,9,9,,2012-04-12T00:00:00,2012-04-12T00:00:00,,,,,,, ,,,,,0,,,ES,0,994,0,12,0
99401056,,,,,0,0,0,,,,,994,1056,0099401056,,,N,N,N,N,,,,,,,,,,,9,5,,2011-09-06T00:00:00,2011-09-06T00:00:00,,,,,,, ,,,,,0,,,CN,0,994,0,12,0
99401057,,,,,0,0,0,,,,,994,1057,0099401057,,,N,N,N,N,,,,,,,,,,,11,11,,2011-09-06T00:00:00,2011-09-06T00:00:00,,,,,,, ,,,,,0,,,CN,0,994,0,12,0
99401060,,,,,0,0,0,,,,,994,1060,0099401060,,,N,N,N,N,,,,,,,,,,,9,8,,2011-09-06T00:00:00,2011-09-06T00:00:00,,,,,,, ,,,,,0,,,US,0,994,0,12,0
99401061,,,,,0,0,0,,,,,994,1061,0099401061,,,N,N,N,N,,,,,,,,,,,9,5,,2011-09-06T00:00:00,2011-09-06T00:00:00,,,,,,, ,,,,,0,,,CA,0,994,0,12,0
99401066,,,,,0,0,0,,,,,994,1066,0099401066,,,N,N,N,N,,,,,,,,,,,9,6,,2012-11-08T00:00:00,2012-11-08T00:00:00,,,,,,, ,,,,,0,,,PH,0,994,0,12,0
99401075,,,,,0,0,0,,,,,994,1075,0099401075,,,N,N,N,N,,,,,,,,,,,9,5,,2012-01-08T00:00:00,2012-01-08T00:00:00,,,,,,, ,,,,,0,,,PH,0,994,0,12,0
99401086,,,,,0,0,0,,,,,994,1086,0099401086,,,N,N,N,N,,,,,,,,,,,9,5,,2012-08-30T00:00:00,2012-08-30T00:00:00,,,,,,, ,,,,,0,,,US,0,994,0,12,0
99401087,,,,,0,0,0,,,,,994,1087,0099401087,,,N,N,N,N,,,,,,,,,,,9,6,,2012-08-30T00:00:00,2012-08-30T00:00:00,,,,,,, ,,,,,0,,,ET,0,994,0,12,0
99401088,,,,,0,0,0,,,,,994,1088,0099401088,,,N,N,N,N,,,,,,,,,,,9,5,,2012-08-30T00:00:00,2012-08-30T00:00:00,,,,,,, ,,,,,0,,,TW,0,994,0,12,0
99401097,,,,,0,0,0,,,,,994,1097,0099401097,,,N,N,N,N,,,,,,,,,,,9,5,,,,,,,,,, ,,,,,0,,,KR,0,994,0,12,0
99401099,,,,,0,0,0,,,,,994,1099,0099401099,,,N,N,N,N,,,,,,,,,,,9,5,,2011-09-05T00:00:00,2011-09-05T00:00:00,,,,,,, ,,,,,0,,,US,0,994,0,12,0
99401112,,,,,0,0,0,,,,,994,1112,0099401112,,,N,N,N,N,,,,,,,,,,,9,8,,2013-08-07T00:00:00,2013-08-07T00:00:00,,,,,,, ,,,,,0,,,IN,0,994,0,12,0
99401117,,,,,0,0,0,,,,,994,1117,0099401117,,,N,N,N,N,,19643290000000,,,,,,,2017-01-25T13:42:10,,11,11,,2012-12-10T00:00:00,2012-12-10T00:00:00,,,,,,, ,,,,,0,San Dimas,CA,US,0,994,0,12,0
99401123,,,,,0,0,0,,,,,994,1123,0099401123,,,N,N,N,N,,,,2019-12-22T00:00:00,,,,,,,9,5,,2012-08-30T00:00:00,2012-08-30T00:00:00,,,,,,, ,,,,,0,,,US,0,994,0,12,0
99401127,,,,,0,0,0,,,,,994,1127,0099401127,,,N,N,N,N,,,,,,,,,2017-02-11T09:51:46,,11,11,,2009-09-09T00:00:00,2009-09-09T00:00:00,,,,,,, ,,,,,0,Los Angeles,CA,US,0,994,0,12,0
99401141,,,,,0,0,0,,,,,994,1141,0099401141,,,N,N,N,N,,,,,,,,,,,9,5,,2009-09-09T00:00:00,2009-09-09T00:00:00,,,,,,, ,,,,,0,,,KR,0,994,0,12,0
99401145,,,,,0,0,0,,,,,994,1145,0099401145,,,N,N,N,N,,,,,,,,,,,10,10,,2009-09-09T00:00:00,2009-09-09T00:00:00,,,,,,, ,,,,,0,,,CN,0,994,0,12,0
99401146,,,,,0,0,0,,,,,994,1146,0099401146,,,N,N,N,N,,,,,,,,,,,11,11,,2010-09-07T00:00:00,2010-09-07T00:00:00,,,,,,, ,,,,,0,,,LB,0,994,0,12,0
99401150,,,,,0,0,0,,,,,994,1150,0099401150,,,N,N,N,N,,,,,,,,,,,10,10,,2010-09-07T00:00:00,2010-09-07T00:00:00,,,,,,, ,,,,,0,,,KP,0,994,0,12,0
99401154,,,,,0,0,0,,,,,994,1154,0099401154,,,N,N,N,N,,,,,,,,,,,9,5,,2010-09-07T00:00:00,2010-09-07T00:00:00,,,,,,, ,,,,,0,,,US,0,994,0,12,0
99401156,,,,,0,0,0,,,,,994,1156,0099401156,,,N,N,N,N,,,,,,,,,,,10,10,,2010-09-07T00:00:00,2010-09-07T00:00:00,,,,,,, ,,,,,0,,,US,0,994,0,12,0
99401163,,,,,0,0,0,,,,,994,1163,0099401163,,,N,N,N,N,,,,,,,,,,,9,6,,2009-09-01T00:00:00,2009-09-01T00:00:00,,,,,,, ,,,,,0,,,US,0,994,0,12,0
99401168,,,,,0,0,0,,,,,994,1168,0099401168,,,N,N,N,N,,,,,R,,,,,,9,7,,2014-08-02T00:00:00,2014-08-02T00:00:00,,,,,,, ,,,,,0,,,US,0,994,0,12,0
99401169,,,,,0,0,0,,,,,994,1169,0099401169,,,N,N,N,N,,,,,,,,,,,9,5,,2009-09-01T00:00:00,2009-09-01T00:00:00,,,,,,, ,,,,,0,,,US,0,994,0,12,0
99401170,,,,2020-06-14T00:00:00,0,0,0,,,,,994,1170,0099401170,,,N,N,N,N,,,,,,,200,,,,10,10,,2009-09-09T00:00:00,2009-09-09T00:00:00,,,,,,, ,,,,,0,,,JP,0,994,0,12,0
99401187,,,,,0,0,0,,,,,994,1187,0099401187,,,N,N,N,N,,,,,,,,,,,9,5,,2011-09-06T00:00:00,2011-09-06T00:00:00,,,,,,, ,,,,,0,,,US,0,994,0,12,0
99401189,,,,,0,0,0,,,,,994,1189,0099401189,,,N,N,N,N,,,,,,,,,,,9,8,,,,,,,,,, ,,,,,0,,,US,0,994,0,12,0
99401196,,,,,0,0,0,,,,,994,1196,0099401196,,,N,N,N,N,,,,,,,,,,,9,5,,2013-08-06T00:00:00,2013-08-06T00:00:00,,,,,,, ,,,,,0,,,US,0,994,0,12,0
99401197,,,,,0,0,0,,,,,994,1197,0099401197,,,N,N,N,N,,,,,R,,,,,,9,5,,2011-09-06T00:00:00,2011-09-06T00:00:00,,,,,,, ,,,,,0,,,US,0,994,0,12,0
99401203,,,,,0,0,0,,,,,994,1203,0099401203,,,N,N,N,N,,,,,,,,,,,9,5,,2008-09-01T00:00:00,2008-09-01T00:00:00,,,,,,, ,,,,,0,,,US,0,994,0,12,0
99401211,,,,,0,0,0,,,,,994,1211,0099401211,,,N,N,N,N,,,,,,,,,2017-06-30T15:51:16,,12,12,,2010-09-01T00:00:00,2010-09-01T00:00:00,,,,,,, ,,,,,0,Monterey Park,CA,US,0,994,0,12,0
99401233,,,,,0,0,0,,,,,994,1233,0099401233,,,N,N,N,N,,,,,,,,,,,9,7,,2006-09-01T00:00:00,2006-09-01T00:00:00,,,,,,, ,,,,,0,,,JP,0,994,0,12,0
99401243,,,,,0,0,0,,,,,994,1243,0099401243,,,N,N,N,N,,,,,,,,,,,9,9,,2010-09-07T00:00:00,2010-09-07T00:00:00,,,,,,, ,,,,,0,,,CN,0,994,0,12,0
99401255,,,,,0,0,0,,,,,994,1255,0099401255,,,N,N,N,N,,,,,,,,,,,9,9,,2006-09-01T00:00:00,2006-09-01T00:00:00,,,,,,, ,,,,,0,,,US,0,994,0,12,0
99401257,,,,,0,0,0,,,,,994,1257,0099401257,,,N,N,N,N,,36750690000000,,,,,,,,,11,11,,2010-09-07T00:00:00,2010-09-07T00:00:00,,,,,,, ,,,,,0,Montclair,CA,US,0,994,0,12,0
99401258,,,,,0,0,0,,,,,994,1258,0099401258,,,N,N,N,N,,,,,,,,,,,9,5,,2010-09-07T00:00:00,2010-09-07T00:00:00,,,,,,, ,,,,,0,,,US,0,994,0,12,0
99401265,,,,,0,0,0,,,,,994,1265,0099401265,,,N,N,N,N,,,,,,,,,,,9,8,,2010-09-07T00:00:00,2010-09-07T00:00:00,,,,,,, ,,,,,0,,,US,0,994,0,12,0
99401271,,,,,0,0,0,,,,,994,1271,0099401271,,,N,N,N,N,,,,,,,,,,,9,5,,2011-06-14T00:00:00,2011-06-14T00:00:00,,,,,,, ,,,,,0,,,US,0,994,0,12,0
99401272,,,,,0,0,0,,,,,994,1272,0099401272,,,N,N,N,N,,,,,,,,,,,9,5,,2011-06-14T00:00:00,2011-06-14T00:00:00,,,,,,, ,,,,,0,,,AR,0,994,0,12,0
99401276,,,,,0,0,0,,,,,994,1276,0099401276,,,N,N,N,N,,,,,,,,,,,9,8,,2011-05-07T00:00:00,2011-05-07T00:00:00,,,,,,, ,,,,,0,,,KP,0,994,0,12,0
99401277,,,,,0,0,0,,,,,994,1277,0099401277,,,N,N,N,N,,,,,,,,,,,9,5,,2011-09-06T00:00:00,2011-09-06T00:00:00,,,,,,, ,,,,,0,,,US,0,994,0,12,0
99401286,,,,,0,0,0,,,,,994,1286,0099401286,,,N,N,N,N,,,,,,,,,,,9,6,,2011-02-12T00:00:00,2011-02-12T00:00:00,,,,,,, ,,,,,0,,,US,0,994,0,12,0
99401292,,,,,0,0,0,,,,,994,1292,0099401292,,,N,N,N,N,,,,,,,,,,,9,8,,2013-10-07T00:00:00,2013-10-07T00:00:00,,,,,,, ,,,,,0,,,US,0,994,0,12,0
99401294,,,,,0,0,0,,,,,994,1294,0099401294,,,N,N,N,N,,,,2018-06-25T00:00:00,,,,,,,9,5,,2006-09-01T00:00:00,2006-09-01T00:00:00,,,,,,, ,,,,,0,,,TW,0,994,0,12,0
99401297,,,,,0,0,0,,,,,994,1297,0099401297,,,N,N,N,N,,,,,R,,,,2020-03-21T15:12:20.813,,10,10,,2010-09-07T00:00:00,2010-09-07T00:00:00,,,,,,, ,,,,,0,,,US,0,994,0,12,0
99401303,,,,,0,0,0,,,,,994,1303,0099401303,,,N,N,N,N,,,,,,,,,,,10,10,,2009-09-09T00:00:00,2009-09-09T00:00:00,,,,,,, ,,,,,0,,,US,0,994,0,12,0
99401307,,,,,0,0,0,,,,,994,1307,0099401307,,,N,N,N,N,,,,,,,,,,,9,8,,2012-04-09T00:00:00,2012-04-09T00:00:00,,,,,,, ,,,,,0,,,US,0,994,0,12,0
99401308,,,,,0,0,0,,,,,994,1308,0099401308,,,N,N,N,N,,,,,,,,,,,9,6,,2010-09-01T00:00:00,2010-09-01T00:00:00,,,,,,, ,,,,,0,,,US,0,994,0,12,0
99401312,,,,,0,0,0,,,,,994,1312,0099401312,,,N,N,N,N,,,,,,,,,,,9,6,,2010-09-07T00:00:00,2010-09-07T00:00:00,,,,,,, ,,,,,0,,,SG,0,994,0,12,0
99401319,,,,,0,0,0,,,,,994,1319,0099401319,,,N,N,N,N,,,,,,,,,,,10,10,,2009-09-09T00:00:00,2009-09-09T00:00:00,,,,,,, ,,2016-09-08T00:00:00,,,0,,,US,0,994,0,12,0
99401321,,,,,0,0,0,,,,,994,1321,0099401321,,,N,N,N,N,,,,,,,,,,,9,5,,2010-09-07T00:00:00,2010-09-07T00:00:00,,,,,,, ,,,,,0,,,US,0,994,0,12,0
99401322,,,,,0,0,0,,,,,994,1322,0099401322,,,N,N,N,N,,,,,,,,,,,9,9,,2010-09-07T00:00:00,2010-09-07T00:00:00,,,,,,, ,,,,,0,,,US,0,994,0,12,0
99401324,,,,,0,0,0,,,,,994,1324,0099401324,,,N,N,N,N,,,,,,,,,,,10,10,,2010-09-07T00:00:00,2010-09-07T00:00:00,,,,,,, ,,,,,0,,,FR,0,994,0,12,0
99401338,,,,,0,0,0,,,,,994,1338,0099401338,,,N,N,N,N,,,,,,,,,,,9,8,,2007-09-01T00:00:00,2007-09-01T00:00:00,,,,,,, ,,,,,0,,,CN,0,994,0,12,0
99401347,,,,,0,0,0,,,,,994,1347,0099401347,,,N,N,N,N,,,,2018-02-05T00:00:00,,,,,,,9,5,,2007-07-01T00:00:00,2007-07-01T00:00:00,,,,,,, ,,,,,0,,,US,0,994,0,12,0
99401354,,,,,0,0,0,,,,,994,1354,0099401354,,,N,N,N,N,,,,,,,,,,,9,5,,2007-09-04T00:00:00,2007-09-04T00:00:00,,,,,,, ,,,,,0,,,GB,0,994,0,12,0
99401360,,,,,0,0,0,,,,,994,1360,0099401360,,,N,N,N,N,,,,,,,,,,,9,5,,2007-09-01T00:00:00,2007-09-01T00:00:00,,,,,,, ,,,,,0,,,US,0,994,0,12,0
99401365,,,,,0,0,0,,,,,994,1365,0099401365,,,N,N,N,N,,,,,,,,,,,9,5,,2007-09-01T00:00:00,2007-09-01T00:00:00,,,,,,, ,,,,,0,,,US,0,994,0,12,0
99401372,,,,,0,0,0,,,,,994,1372,0099401372,,,N,N,N,N,,,,,,,240,,,,9,5,,2007-07-01T00:00:00,2007-07-01T00:00:00,,,,,,, ,,,,,0,,,US,0,994,0,12,0
99401386,,,,,0,0,0,,,,,994,1386,0099401386,,,N,N,N,N,,,,2019-05-10T00:00:00,,,,,,,10,10,,2007-09-01T00:00:00,2007-09-01T00:00:00,,,,,,, ,,,,,0,,,JP,0,994,0,12,0
99401389,,,,,0,0,0,,,,,994,1389,0099401389,,,N,N,N,N,,,,,,,,,,,9,6,,2007-09-01T00:00:00,2007-09-01T00:00:00,,,,,,, ,,2013-08-23T00:00:00,,,0,,,US,0,994,0,12,0
99401400,,,,,0,0,0,,,,,994,1400,0099401400,,,N,N,N,N,,,,,,,,,,,9,9,,2007-09-08T00:00:00,2007-09-08T00:00:00,,,,,,, ,,,,,0,,,US,0,994,0,12,0
99401404,,,,,0,0,0,,,,,994,1404,0099401404,,,N,N,N,N,,,,,,,,,,,9,5,,2007-09-01T00:00:00,2007-09-01T00:00:00,,,,,,, ,,,,,0,,,US,0,994,0,12,0
99401411,,,,,0,0,0,,,,,994,1411,0099401411,,,N,N,N,N,,,,,,,,,,,9,5,,2008-09-01T00:00:00,2008-09-01T00:00:00,,,,,,, ,,,,,0,,,JP,0,994,0,12,0
99401414,,,,,0,0,0,,,,,994,1414,0099401414,,,N,N,N,N,,,,,,,,,,,9,5,,2019-02-13T00:00:00,2019-02-13T00:00:00,2019-02-13T00:00:00,,07,07,00,07,3,331,2019-02-13T00:00:00,,,0,Shenzhen,,CN,0,994,0,12,0
99401415,,,,,0,0,0,,,,,994,1415,0099401415,,,N,N,N,N,,,,,,,,,,,9,5,,2007-09-01T00:00:00,2007-09-01T00:00:00,,,,,,, ,,,,,0,,,US,0,994,0,12,0
99401419,,,,,0,0,0,,,,,994,1419,0099401419,,,N,N,N,N,,,,,,,,,,,9,9,,2007-09-01T00:00:00,2007-09-01T00:00:00,,,,,,, ,,,,,0,,,JP,0,994,0,12,0
99401420,,,,,0,0,0,,,,,994,1420,0099401420,,,N,N,N,N,,,,,,,,,,,9,8,,2008-09-10T00:00:00,2008-09-10T00:00:00,,,,,,, ,,,,,0,,,US,0,994,0,12,0
99401428,,,,,0,0,0,,,,,994,1428,0099401428,,,N,N,N,N,,,,,,,,,,,9,8,,2008-07-29T00:00:00,2008-07-29T00:00:00,,,,,,, ,,,,,0,,,KR,0,994,0,12,0
99401434,,,,,0,0,0,,,,,994,1434,0099401434,,,N,N,N,N,,,,,,,,,,,10,10,,2008-09-10T00:00:00,2008-09-10T00:00:00,,,,,,, ,,,,,0,,,US,0,994,0,12,0
99401442,,,,,0,0,0,,,,,994,1442,0099401442,,,N,N,N,N,,,,2018-01-15T00:00:00,,,,,,,9,6,,2008-09-10T00:00:00,2008-09-10T00:00:00,,,,,,, ,,,,,0,,,US,0,994,0,12,0
99401447,,,,,0,0,0,,,,,994,1447,0099401447,,,N,N,N,N,,,,,,,,,,,10,10,,2008-09-10T00:00:00,2008-09-10T00:00:00,,,,,,, ,,,,,0,,,US,0,994,0,12,0
99401448,,,,,0,0,0,,,,,994,1448,0099401448,,,N,N,N,N,,,,,,,,,,,9,5,,2008-09-10T00:00:00,2008-09-10T00:00:00,,,,,,, ,,,,,0,,,CN,0,994,0,12,0
99401455,,,,,0,0,0,,,,,994,1455,0099401455,,,N,N,N,N,,,,,,,,,,,9,5,,2008-09-01T00:00:00,2008-09-01T00:00:00,,,,,,, ,,,,,0,,,KR,0,994,0,12,0
99401460,,,,,0,0,0,,,,,994,1460,0099401460,,,N,N,N,N,,,,2018-11-08T00:00:00,,,,,,,9,9,,2007-09-01T00:00:00,2007-09-01T00:00:00,,,,,,, ,,,,,0,,,IR,0,994,0,12,0
99401461,,,,,0,0,0,,,,,994,1461,0099401461,,,N,N,N,N,,,,,,,,,,,9,5,,2008-09-10T00:00:00,2008-09-10T00:00:00,,,,,,, ,,,,,0,,,US,0,994,0,12,0
99401471,,,,,0,0,0,,,,,994,1471,0099401471,,,N,N,N,N,,,,,,,,,2017-02-26T11:44:34,,11,11,,2006-09-01T00:00:00,2006-09-01T00:00:00,,,,,,, ,,,,,0,Los Angeles,CA,US,0,994,0,12,0
99401473,,,,,0,0,0,,,,,994,1473,0099401473,,,N,N,N,N,,,,,,,,,,,9,7,,2007-09-01T00:00:00,2007-09-01T00:00:00,,,,,,, ,,,,,0,,,US,0,994,0,12,0
99401474,,,,,0,0,0,,,,,994,1474,0099401474,,,N,N,N,N,,,,,,,,,,,9,5,,2007-09-01T00:00:00,2007-09-01T00:00:00,,,,,,, ,,,,,0,,,SA,0,994,0,12,0
99401475,,,,,0,0,0,,,,,994,1475,0099401475,,,N,N,N,N,,,,,,,,,,,11,11,,2007-09-01T00:00:00,2007-09-01T00:00:00,,,,,,, ,,2019-09-12T00:00:00,,,0,Orange,CA,US,0,994,0,12,0
99401478,,,,,0,0,0,,,,,994,1478,0099401478,,,N,N,N,N,,,,,,,,,,,9,5,,2007-09-01T00:00:00,2007-09-01T00:00:00,,,,,,, ,,,,,0,,,US,0,994,0,12,0
99401483,,,,,0,0,0,,,,,994,1483,0099401483,,,N,N,N,N,,,,,,,,,,,9,8,,2007-09-01T00:00:00,2007-09-01T00:00:00,,,,,,, ,,,,,0,,,US,0,994,0,12,0
99401496,,,,,0,0,0,,,,,994,1496,0099401496,,,N,N,N,N,,,,,,,,,,,9,8,,2007-09-01T00:00:00,2007-09-01T00:00:00,,,,,,, ,,,,,0,,,PE,0,994,0,12,0
99401502,,,,,0,0,0,,,,,994,1502,0099401502,,,N,N,N,N,,,,,,,,,,,10,10,,2007-09-06T00:00:00,2007-09-06T00:00:00,,,,,,, ,,,,,0,,,IN,0,994,0,12,0
99401508,,,,,0,0,0,,,,,994,1508,0099401508,,,N,N,N,N,,,,,,,,,,,9,5,,2006-07-01T00:00:00,2006-07-01T00:00:00,,,,,,, ,,,,,0,,,FR,0,994,0,12,0
99401510,,,,,0,0,0,,,,,994,1510,0099401510,,,N,N,N,N,,,,,,,,,,,9,5,,2006-07-01T00:00:00,2006-07-01T00:00:00,,,,,,, ,,2013-05-30T00:00:00,,,0,,,TW,0,994,0,12,0
99401517,,,,,0,0,0,,,,,994,1517,0099401517,,,N,N,N,N,,,,,,,,,,,9,5,,2006-09-01T00:00:00,2006-09-01T00:00:00,,,,,,, ,,,,,0,,,CN,0,994,0,12,0
99401525,,,,,0,0,0,,,,,994,1525,0099401525,,,N,N,N,N,,,,,,,240,,,,9,8,,2006-09-01T00:00:00,2006-09-01T00:00:00,,,,,,, ,,,,,0,,,PK,0,994,0,12,0
99401530,,,,,0,0,0,,,,,994,1530,0099401530,,,N,N,N,N,,,,,,,,,,,9,5,,2006-09-01T00:00:00,2006-09-01T00:00:00,,,,,,, ,,,,,0,,,JP,0,994,0,12,0
99401534,,,,,0,0,0,,,,,994,1534,0099401534,,,N,N,N,N,,,,,,,,,,,9,5,,2006-09-01T00:00:00,2006-09-01T00:00:00,,,,,,, ,,,,,0,,,KR,0,994,0,12,0
99401541,,,,,0,0,0,,,,,994,1541,0099401541,,,N,N,N,N,,,,,,,160,,,,9,8,,2007-09-01T00:00:00,2007-09-01T00:00:00,,,,,,, ,,,,,0,,,PH,0,994,0,12,0
99401558,,,,,0,0,0,,,,,994,1558,0099401558,,,N,N,N,N,,,,,,,,,,,9,5,,2006-09-01T00:00:00,2006-09-01T00:00:00,,,,,,, ,,,,,0,,,IN,0,994,0,12,0
99401561,,,,,0,0,0,,,,,994,1561,0099401561,,,N,N,N,N,,,,,,,,,2017-02-02T11:58:39,,11,11,,2006-07-01T00:00:00,2006-07-01T00:00:00,,,,,,, ,,,,,0,Glendora,CA,US,10,994,0,12,0
99401565,,,,,0,0,0,,,,,994,1565,0099401565,,,N,N,N,N,,,,,,,,,,,9,6,,2006-09-01T00:00:00,2006-09-01T00:00:00,,,,,,, ,,,,,0,,,US,0,994,0,12,0
99401567,,,,,0,0,0,,,,,994,1567,0099401567,,,N,N,N,N,,,,,,,,,,,9,5,,2006-09-01T00:00:00,2006-09-01T00:00:00,,,,,,, ,,,,,0,,,GT,0,994,0,12,0
99401568,,,,,0,0,0,,,,,994,1568,0099401568,,,N,N,N,N,,,,,,,,,,,9,8,,2006-09-01T00:00:00,2006-09-01T00:00:00,,,,,,, ,,,,,0,,,GT,0,994,0,12,0
99401574,,,,,0,0,0,,,,,994,1574,0099401574,,,N,N,N,N,,,,,,,,,,,9,8,,2006-09-01T00:00:00,2006-09-01T00:00:00,,,,,,, ,,,,,0,,,TW,0,994,0,12,0
99401583,,,,,0,0,0,,,,,994,1583,0099401583,,,N,N,N,N,,,,,,,,,,,9,5,,2006-07-01T00:00:00,2006-07-01T00:00:00,,,,,,, ,,,,,0,,,US,0,994,0,12,0
99401586,,,,,0,0,0,,,,,994,1586,0099401586,,,N,N,N,N,,,,,,,,,,,9,9,,2006-07-01T00:00:00,2006-07-01T00:00:00,,,,,,, ,,,,,0,,,KP,0,994,0,12,0
99401588,,,,,0,0,0,,,,,994,1588,0099401588,,,N,N,N,N,,,,2019-05-24T00:00:00,,,,,,,9,5,,2006-09-01T00:00:00,2006-09-01T00:00:00,,,,,,, ,,,,,0,,,KR,0,994,0,12,0
99401599,,,,,0,0,0,,,,,994,1599,0099401599,,,N,N,N,N,,,,,,,,,,,9,7,,2006-09-01T00:00:00,2006-09-01T00:00:00,,,,,,, ,,,,,0,,,IR,0,994,0,12,0
99401604,,,,,0,0,0,,,,,994,1604,0099401604,,,N,N,N,N,,,,,,,,,,,9,5,,2007-09-01T00:00:00,2007-09-01T00:00:00,,,,,,, ,,,,,0,,,KR,0,994,0,12,0
99401607,,,,,0,0,0,,,,,994,1607,0099401607,,,N,N,N,N,,,,,,,,,,,11,11,,2007-09-01T00:00:00,2007-09-01T00:00:00,,,,,,, ,,2017-09-06T00:00:00,,,0,,,KR,0,994,0,12,0
99401610,,,,,0,0,0,,,,,994,1610,0099401610,,,N,N,N,N,,,,,,,,,2017-01-06T11:55:44,,11,11,,2007-09-01T00:00:00,2007-09-01T00:00:00,,,,,,, ,,,,,0,Santa Tecla,,SV,0,994,0,12,0
99401611,,,,,0,0,0,,,,,994,1611,0099401611,,,N,N,N,N,,,,,,,,,,,9,5,,2007-09-01T00:00:00,2007-09-01T00:00:00,,,,,,, ,,,,,0,,,KP,0,994,0,12,0
99401614,,,,,0,0,0,,,,,994,1614,0099401614,,,N,N,N,N,,19645760000000,,,,,,,,,10,10,,2007-09-01T00:00:00,2007-09-01T00:00:00,,,,,,, ,,,,,0,Hollywood,CA,US,0,994,0,12,0
99401622,,,,,0,0,0,,,,,994,1622,0099401622,,,N,N,N,N,,,,,,,,,,,9,5,,2007-09-01T00:00:00,2007-09-01T00:00:00,,,,,,, ,,,,,0,,,IN,0,994,0,12,0
99401630,,,,,0,0,0,,,,,994,1630,0099401630,,,N,N,N,N,,,,,,,,,,,9,5,,2009-09-09T00:00:00,2009-09-09T00:00:00,,,,,,, ,,,,,0,,,IR,0,994,0,12,0
99401634,,,,,0,0,0,,,,,994,1634,0099401634,,,N,N,N,N,,,,,,,,,,,9,5,,2007-09-01T00:00:00,2007-09-01T00:00:00,,,,,,, ,,,,,0,,,KR,0,994,0,12,0
99401637,,,,,0,0,0,,,,,994,1637,0099401637,,,N,N,N,N,,,,,,,,,,,10,10,,2006-09-01T00:00:00,2006-09-01T00:00:00,,,,,,, ,,,,,0,,,CN,0,994,0,12,0
99401640,,,,,0,0,0,,,,,994,1640,0099401640,,,N,N,N,N,,,,,,,,,,,9,6,,2006-09-01T00:00:00,2006-09-01T00:00:00,,,,,,, ,,,,,0,,,KR,0,994,0,12,0
99401643,,,,,0,0,0,,,,,994,1643,0099401643,,,N,N,N,N,,,,,,,,,,,9,5,,2006-09-01T00:00:00,2006-09-01T00:00:00,,,,,,, ,,,,,0,,,CN,0,994,0,12,0
99401645,,,,,0,0,0,,,,,994,1645,0099401645,,,N,N,N,N,,,,,,,,,,,9,5,,,,,,,,,, ,,,,,0,,,IR,0,994,0,12,0
99401646,,,,,0,0,0,,,,,994,1646,0099401646,,,N,N,N,N,,,,,,,,,,,9,5,,2006-09-01T00:00:00,2006-09-01T00:00:00,,,,,,, ,,,,,0,,,US,0,994,0,12,0
99401649,,,,,0,0,0,,,,,994,1649,0099401649,,,N,N,N,N,,,,,,,,,,,10,10,,2006-09-01T00:00:00,2006-09-01T00:00:00,,,,,,, ,,,,,0,,,US,0,994,0,12,0
99401651,,,,,0,0,0,,,,,994,1651,0099401651,,,N,N,N,N,,,,,,,,,,,9,8,,2006-09-01T00:00:00,2006-09-01T00:00:00,,,,,,, ,,,,,0,,,IR,0,994,0,12,0
99401655,,,,,0,0,0,,,,,994,1655,0099401655,,,N,N,N,N,,,,,,,,,,,9,5,,2006-09-01T00:00:00,2006-09-01T00:00:00,,,,,,, ,,,,,0,,,US,0,994,0,12,0
99401661,,,,,0,0,0,,,,,994,1661,0099401661,,,N,N,N,N,,,,,,,,,,,9,7,,2007-09-01T00:00:00,2007-09-01T00:00:00,,,,,,, ,,,,,0,,,JP,0,994,0,12,0
99401662,,,,,0,0,0,,,,,994,1662,0099401662,,,N,N,N,N,,,,2018-12-13T00:00:00,,,,,,,9,7,,,,,,,,,, ,,,,,0,,,GB,0,994,0,12,0
99401664,,,,,0,0,0,,,,,994,1664,0099401664,,,N,N,N,N,,,,,,,,,,,11,11,,2008-09-01T00:00:00,2008-09-01T00:00:00,,,,,,, ,,,,,0,Monterey Park,CA,US,0,994,0,12,0
99401667,,,,,0,0,0,,,,,994,1667,0099401667,,,N,N,N,N,,,,,,,,,,,11,11,,2006-09-01T00:00:00,2006-09-01T00:00:00,,,,,,, ,,,,,0,Monterey Park,CA,US,0,994,0,12,0
99401670,,,,,0,0,0,,,,,994,1670,0099401670,,,N,N,N,N,,,,2019-01-19T00:00:00,,,,,,,10,10,,2006-07-01T00:00:00,2006-07-01T00:00:00,,,,,,, ,,,,,0,,,GB,0,994,0,12,0
99401671,,,,,0,0,0,,,,,994,1671,0099401671,,,N,N,N,N,,,,,,,,,,,11,0,,2008-09-01T00:00:00,2008-09-01T00:00:00,,,,,,, ,,,,,0,Covina,CA,US,17,994,0,12,0
99401672,,,,,0,0,0,,,,,994,1672,0099401672,,,N,N,N,N,,,,,,,,,,,9,5,,2007-09-01T00:00:00,2007-09-01T00:00:00,,,,,,, ,,,,,0,,,US,0,994,0,12,0
99401677,,,,,0,0,0,,,,,994,1677,0099401677,,,N,N,N,N,,,,,,,,,,,9,8,,2009-09-01T00:00:00,2009-09-01T00:00:00,,,,,,, ,,,,,0,,,US,0,994,0,12,0
99401679,,,,,0,0,0,,,,,994,1679,0099401679,,,N,N,N,N,,,,,,,,,2017-02-17T11:19:10,,11,11,,2010-09-07T00:00:00,2010-09-07T00:00:00,,,,,,, ,,,,,0,Los Angeles,CA,US,0,994,0,12,0
99401683,,,,2020-06-14T00:00:00,0,0,0,,,,,994,1683,0099401683,,,N,N,N,N,,,,,,,180,,,,9,5,,2010-09-07T00:00:00,2010-09-07T00:00:00,,,,,,, ,,,,,0,,,US,0,994,0,12,0
99401686,,,,,0,0,0,,,,,994,1686,0099401686,,,N,N,N,N,,,,,,,,,,,9,7,,2009-09-01T00:00:00,2009-09-01T00:00:00,,,,,,, ,,2015-03-09T00:00:00,,,0,,,US,0,994,0,12,0
99401689,,,,,0,0,0,,,,,994,1689,0099401689,,,N,N,N,N,,,,,,,,,,,11,11,,2009-09-09T00:00:00,2009-09-09T00:00:00,,,,,,, ,,,,,0,,,US,0,994,0,12,0
99401691,,,,,0,0,0,,,,,994,1691,0099401691,,,N,N,N,N,,,,,,,,,,,9,5,,2009-09-09T00:00:00,2009-09-09T00:00:00,,,,,,, ,,,,,0,,,US,0,994,0,12,0
99401693,,,,,0,0,0,,,,,994,1693,0099401693,,,N,N,N,N,,,,,,,,,,,10,10,,2009-09-09T00:00:00,2009-09-09T00:00:00,,,,,,, ,,,,,0,,,KR,0,994,0,12,0
99401695,,,,,0,0,0,,,,,994,1695,0099401695,,,N,N,N,N,,,,,,,,,,,11,11,,2009-09-09T00:00:00,2009-09-09T00:00:00,,,,,,, ,,,,,0,Pomona,CA,US,0,994,0,12,0
99401696,,,,,0,0,0,,,,,994,1696,0099401696,,,N,N,N,N,,19644360000000,,,,,,,2016-10-12T08:35:01,,11,11,,2011-07-03T00:00:00,2011-07-03T00:00:00,,,,,,, ,,,,,0,Covina,CA,US,0,994,0,12,0
99401700,,,,,0,0,0,,,,,994,1700,0099401700,,,N,N,N,N,,,,,,,,,,,9,5,,2010-09-07T00:00:00,2010-09-07T00:00:00,,,,,,, ,,,,,0,,,TW,0,994,0,12,0
99401701,,,,,0,0,0,,,,,994,1701,0099401701,,,N,N,N,N,,,,,,,240,,,,10,10,,2010-09-07T00:00:00,2010-09-07T00:00:00,,,,,,, ,,,,,0,,,IR,0,994,0,12,0
99401715,,,,,0,0,0,,,,,994,1715,0099401715,,,N,N,N,N,,,,2019-03-06T00:00:00,,,,,2017-06-25T12:08:01,,12,5,,2010-09-07T00:00:00,2010-09-07T00:00:00,,,,,,, ,,,,,0,San Diego,CA,US,19,994,0,12,0
99401716,,,,,0,0,0,,,,,994,1716,0099401716,,,N,N,N,N,,,,,,,160,,,,9,8,,2010-09-07T00:00:00,2010-09-07T00:00:00,,,,,,, ,,,,,0,,,SA,0,994,0,12,0
99401721,,,,,0,0,0,,,,,994,1721,0099401721,,,N,N,N,N,,,,,,,,,,,9,5,,2013-08-20T00:00:00,2013-08-20T00:00:00,,,,,,, ,,,,,0,,,CA,0,994,0,12,0
99401724,,,,,0,0,0,,,,,994,1724,0099401724,,,N,N,N,N,,,,,,,,,,,11,11,,2013-03-10T00:00:00,2013-03-10T00:00:00,,,,,,, ,,,,,0,Baguio City,,PH,0,994,0,12,0
99401725,,,,,0,0,0,,,,,994,1725,0099401725,,,N,N,N,N,,,,,,,,,,,10,10,,2013-02-03T00:00:00,2013-02-03T00:00:00,,,,,,, ,,2018-11-03T00:00:00,,,0,Copalillo,GR,MX,0,994,0,12,0
99401731,,,,,0,0,0,,,,,994,1731,0099401731,,,N,N,N,N,,,,,,,,,,,10,10,,2009-09-09T00:00:00,2009-09-09T00:00:00,,,,,,, ,,,,,0,Stockton,CA,US,0,994,0,12,0
99401741,,,,,0,0,0,,,,,994,1741,0099401741,,,N,N,N,N,,,,,,,,,,,9,5,,2009-09-09T00:00:00,2009-09-09T00:00:00,,,,,,, ,,,,,0,,,US,0,994,0,12,0
99401746,,,,,0,0,0,,,,,994,1746,0099401746,,,N,N,N,N,,,,,,,,,,,9,5,,2009-09-01T00:00:00,2009-09-01T00:00:00,,,,,,, ,,,,,0,,,US,0,994,0,12,0
99401750,,,,,0,0,0,,,,,994,1750,0099401750,,,N,N,N,N,,,,,,,,,,,10,10,,2013-08-31T00:00:00,2013-08-31T00:00:00,,,,,,, ,,,,,0,,,US,0,994,0,12,0
99401754,,,,,0,0,0,,,,,994,1754,0099401754,,,N,N,N,N,,,,,,,,,2016-11-09T13:03:36,,11,11,,2009-09-01T00:00:00,2009-09-01T00:00:00,,,,,,, ,,,,,0,Loma Linda,CA,US,0,994,0,12,0
99401755,,,,,0,0,0,,,,,994,1755,0099401755,,,N,N,N,N,,,,,,,,,,,9,9,,2009-09-09T00:00:00,2009-09-09T00:00:00,,,,,,, ,,,,,0,,,CN,0,994,0,12,0
99401760,,,,,0,0,0,,,,,994,1760,0099401760,,,N,N,N,N,,,,,,,,,,,9,5,,2013-07-23T00:00:00,2013-07-23T00:00:00,,,,,,, ,,,,,0,,,IN,0,994,0,12,0
99401761,,,,,0,0,0,,,,,994,1761,0099401761,,,N,N,N,N,,,,,,,,,,,10,10,,2010-09-07T00:00:00,2010-09-07T00:00:00,,,,,,, ,,,,,0,,,US,0,994,0,12,0
99401768,,,,,0,0,0,,,,,994,1768,0099401768,,,N,N,N,N,,,,,,,,,,,10,10,,2006-09-01T00:00:00,2006-09-01T00:00:00,,,,,,, ,,,,,0,Norwalk,CA,US,0,994,0,12,0
99401781,,,,,0,0,0,,,,,994,1781,0099401781,,,N,N,N,N,,,,,,,,,,,9,5,,2011-09-06T00:00:00,2011-09-06T00:00:00,,,,,,, ,,,,,0,,,US,0,994,0,12,0
99401785,,,,,0,0,0,,,,,994,1785,0099401785,,,N,N,N,N,,,,,,,,,,,9,5,,2006-09-01T00:00:00,2006-09-01T00:00:00,,,,,,, ,,,,,0,,,US,0,994,0,12,0
99401786,,,,,0,0,0,,,,,994,1786,0099401786,,,N,N,N,N,,,,2019-12-22T00:00:00,,,,,,,10,10,,2009-09-01T00:00:00,2009-09-01T00:00:00,,,,,,, ,,,,,0,,,JP,0,994,0,12,0
99401787,,,,,0,0,0,,,,,994,1787,0099401787,,,N,N,N,N,,,,,,,,,,,9,5,,2009-09-01T00:00:00,2009-09-01T00:00:00,,,,,,, ,,,,,0,,,LB,0,994,0,12,0
99401788,,,,,0,0,0,,,,,994,1788,0099401788,,,N,N,N,N,,,,,,,,,,,9,5,,2007-09-01T00:00:00,2007-09-01T00:00:00,,,,,,, ,,,,,0,,,KR,0,994,0,12,0
99401814,,,,,0,0,0,,,,,994,1814,0099401814,,,N,N,N,N,,,,,,,,,,,11,11,,2010-09-07T00:00:00,2010-09-07T00:00:00,,,,,,, ,,,,,0,Glendora,CA,US,0,994,0,12,0
99401822,,,,,0,0,0,,,,,994,1822,0099401822,,,N,N,N,N,,,,,,,,,,,9,8,,2010-09-07T00:00:00,2010-09-07T00:00:00,,,,,,, ,,,,,0,,,US,0,994,0,12,0
99401823,,,,,0,0,0,,,,,994,1823,0099401823,,,N,N,N,N,,,,2019-12-13T00:00:00,,,,,,,9,5,,2010-09-07T00:00:00,2010-09-07T00:00:00,,,,,,, ,,,,,0,,,KR,0,994,0,12,0
99401840,,,,,0,0,0,,,,,994,1840,0099401840,,,N,N,N,N,,,,,,,240,,,,9,5,,2009-09-01T00:00:00,2009-09-01T00:00:00,,,,,,, ,,,,,0,,,KR,0,994,0,12,0
99401841,,,,,0,0,0,,,,,994,1841,0099401841,,,N,N,N,N,,,,,,,,,,,9,5,,2009-09-09T00:00:00,2009-09-09T00:00:00,,,,,,, ,,,,,0,,,KR,0,994,0,12,0
99401843,,,,,0,0,0,,,,,994,1843,0099401843,,,N,N,N,N,,,,,,,,,,,10,10,,2009-08-04T00:00:00,2009-08-04T00:00:00,,,,,,, ,,,,,0,,,VN,0,994,0,12,0
99401848,,,,,0,0,0,,,,,994,1848,0099401848,,,N,N,N,N,,,,,,,,,,,9,9,,2012-06-26T00:00:00,2012-06-26T00:00:00,,,,,,, ,,,,,0,,,US,0,994,0,12,0
99401850,,,,,0,0,0,,,,,994,1850,0099401850,,,N,N,N,N,,,,,,,,,,,9,5,,2008-07-01T00:00:00,2008-07-01T00:00:00,,,,,,, ,,,,,0,,,ZA,0,994,0,12,0
99401852,,,,,0,0,0,,,,,994,1852,0099401852,,,N,N,N,N,,,,,,,,,,,9,5,,2008-08-04T00:00:00,2008-08-04T00:00:00,,,,,,, ,,,,,0,,,ZA,0,994,0,12,0
99401858,,,,,0,0,0,,,,,994,1858,0099401858,,,N,N,N,N,,,,,,,,,,,11,11,,2008-09-10T00:00:00,2008-09-10T00:00:00,,,,,,, ,,,,,0,,,TW,0,994,0,12,0
99401859,,,,,0,0,0,,,,,994,1859,0099401859,,,N,N,N,N,,,,2020-05-22T00:00:00,,,,,,,9,0,,2008-09-01T00:00:00,2008-09-01T00:00:00,,,,,,, ,,,,,0,Kalamazoo,MI,US,888,994,0,12,0
99401866,,,,,0,0,0,,,,,994,1866,0099401866,,,N,N,N,N,,,,,,,,,,,9,5,,2008-09-10T00:00:00,2008-09-10T00:00:00,,,,,,, ,,,,,0,,,SV,0,994,0,12,0
99401869,,,,,0,0,0,,,,,994,1869,0099401869,,,N,N,N,N,,,,,,,,,,,9,7,,2011-07-03T00:00:00,2011-07-03T00:00:00,,,,,,, ,,,,,0,,,US,0,994,0,12,0
99401871,,,,,0,0,0,,,,,994,1871,0099401871,,,N,N,N,N,,,,,,,,,,,10,10,,2008-08-03T00:00:00,2008-08-03T00:00:00,,,,,,, ,,2016-09-23T00:00:00,,,0,,,US,0,994,0,12,0
99401873,,,,,0,0,0,,,,,994,1873,0099401873,,,N,N,N,N,,,,,,,,,,,10,10,,2007-09-01T00:00:00,2007-09-01T00:00:00,,,,,,, ,,,,,0,La Mirada,CA,US,888,994,0,12,0
99401877,,,,,0,0,0,,,,,994,1877,0099401877,,,N,N,N,N,,,,,,,,,,,10,10,,2008-09-10T00:00:00,2008-09-10T00:00:00,,,,,,, ,,,,,0,,,CN,0,994,0,12,0
99401886,,,,,0,0,0,,,,,994,1886,0099401886,,,N,N,N,N,,,,,,,,,,,10,10,,2008-09-10T00:00:00,2008-09-10T00:00:00,,,,,,, ,,,,,0,Santa Monica,CA,US,0,994,0,12,0
99401889,,,,,0,0,0,,,,,994,1889,0099401889,,,N,N,N,N,,,,,,,,,,,9,6,,2008-09-01T00:00:00,2008-09-01T00:00:00,,,,,,, ,,,,,0,,,RU,0,994,0,12,0
99401891,,,,,0,0,0,,,,,994,1891,0099401891,,,N,N,N,N,,,,,,,,,,,9,5,,2008-09-01T00:00:00,2008-09-01T00:00:00,,,,,,, ,,,,,0,,,US,0,994,0,12,0
99401892,,,,2020-07-02T00:00:00,0,0,0,,,,,994,1892,0099401892,,,N,N,N,N,,,,,,,180,,,,9,5,,2008-09-01T00:00:00,2008-09-01T00:00:00,,,,,,, ,,,,,0,,,US,0,994,0,12,0
99401905,,,,,0,0,0,,,,,994,1905,0099401905,,,N,N,N,N,,,,,,,,,,,10,10,,2008-09-01T00:00:00,2008-09-01T00:00:00,,,,,,, ,,,,,0,West Covina,CA,US,0,994,0,12,0
99401908,,,,,0,0,0,,,,,994,1908,0099401908,,,N,N,N,N,,,,,,,,,,,11,11,,2008-09-10T00:00:00,2008-09-10T00:00:00,,,,,,, ,,,,,0,,,IR,0,994,0,12,0
99401918,,,,,0,0,0,,,,,994,1918,0099401918,,,N,N,N,N,,,,,,,,,,,9,7,,2008-09-10T00:00:00,2008-09-10T00:00:00,,,,,,, ,,,,,0,,,KR,0,994,0,12,0
99401921,,,,,0,0,0,,,,,994,1921,0099401921,,,N,N,N,N,,,,,,,,,,,9,8,,2008-09-10T00:00:00,2008-09-10T00:00:00,,,,,,, ,,,,,0,,,US,0,994,0,12,0
99401925,,,,,0,0,0,,,,,994,1925,0099401925,,,N,N,N,N,,,,,,,,,,,9,5,,2008-09-10T00:00:00,2008-09-10T00:00:00,,,,,,, ,,,,,0,,,CA,0,994,0,12,0
99401926,,,,,0,0,0,,,,,994,1926,0099401926,,,N,N,N,N,,,,,,,,,,,11,11,,2008-09-10T00:00:00,2008-09-10T00:00:00,,,,,,, ,,,,,0,,,IN,0,994,0,12,0
99401928,,,,,0,0,0,,,,,994,1928,0099401928,,,N,N,N,N,,,,,R,,,,,,10,10,,2008-09-10T00:00:00,2008-09-10T00:00:00,,,,,,, ,,,,,0,,,IR,0,994,0,12,0
99401933,,,,2020-06-14T00:00:00,0,0,0,,,,,994,1933,0099401933,,,N,N,N,N,,,,,,,160,,,,9,5,,2008-09-10T00:00:00,2008-09-10T00:00:00,,,,,,, ,,,,,0,,,US,0,994,0,12,0
99401941,,,,,0,0,0,,,,,994,1941,0099401941,,,N,N,N,N,,,,,,,,,,,9,5,,2009-01-19T00:00:00,2009-01-19T00:00:00,,,,,,, ,,,,,0,,,US,0,994,0,12,0
99401946,,,,,0,0,0,,,,,994,1946,0099401946,,,N,N,N,N,,,,,,,,,,,11,11,,2009-07-28T00:00:00,2009-07-28T00:00:00,,,,,,, ,,,,,0,,,US,0,994,0,12,0
99401960,,,,2020-06-14T00:00:00,0,0,0,,,,,994,1960,0099401960,,,N,N,N,N,,,,,,,200,,,,9,5,,2006-09-01T00:00:00,2006-09-01T00:00:00,,,,,,, ,,,,,0,,,IR,0,994,0,12,0
99401972,,,,,0,0,0,,,,,994,1972,0099401972,,,N,N,N,N,,,,,,,,,,,11,11,,2007-09-01T00:00:00,2007-09-01T00:00:00,,,,,,, ,,,,,0,West Covina,CA,US,0,994,0,12,0
99401973,,,,2020-06-14T00:00:00,0,0,0,,,,,994,1973,0099401973,,,N,N,N,N,,,,,,,180,,,,10,10,,2009-09-09T00:00:00,2009-09-09T00:00:00,,,,,,, ,,,,,0,West Covina,CA,US,888,994,0,12,0
99401976,,,,,0,0,0,,,,,994,1976,0099401976,,,N,N,N,N,,,,,,,,,,,11,11,,2009-09-09T00:00:00,2009-09-09T00:00:00,,,,,,, ,,,,,0,,,US,0,994,0,12,0
99401980,,,,,0,0,0,,,,,994,1980,0099401980,,,N,N,N,N,,,,,R,,,,,,9,7,,,,,,,,,, ,,,,,0,,,TW,0,994,0,12,0
99401996,,,,,0,0,0,,,,,994,1996,0099401996,,,N,N,N,N,,,,2018-02-02T00:00:00,,,,,,,9,8,,2008-09-01T00:00:00,2008-09-01T00:00:00,,,,,,, ,,,,,0,,,US,0,994,0,12,0
99401998,,,,,0,0,0,,,,,994,1998,0099401998,,,N,N,N,N,,,,,,,,,,,9,5,,2008-09-10T00:00:00,2008-09-10T00:00:00,,,,,,, ,,,,,0,,,TW,0,994,0,12,0
99402007,,,,,0,0,0,,,,,994,2007,0099402007,,,N,N,N,N,,19650940000000,,,,,,,,,9,9,,2008-09-10T00:00:00,2008-09-10T00:00:00,,,,,,, ,,,,,0,Indio,CA,US,0,994,0,12,0
99402009,,,,,0,0,0,,,,,994,2009,0099402009,,,N,N,N,N,,19644360000000,,,,,,,2017-01-25T13:43:06,,11,11,,2008-08-31T00:00:00,2008-08-31T00:00:00,,,,,,, ,,,,,0,West Covina,CA,US,0,994,0,12,0
99402012,,,,,0,0,0,,,,,994,2012,0099402012,,,N,N,N,N,,,,,,,,,,,9,7,,2008-09-01T00:00:00,2008-09-01T00:00:00,,,,,,, ,,,,,0,,,KR,0,994,0,12,0
99402015,,,,,0,0,0,,,,,994,2015,0099402015,,,N,N,N,N,,,,,,,,,,,10,10,,2008-09-01T00:00:00,2008-09-01T00:00:00,,,,,,, ,,,,,0,,,CN,0,994,0,12,0
99402019,,,,,0,0,0,,,,,994,2019,0099402019,,,N,N,N,N,,,,,,,,,,,9,5,,2008-09-01T00:00:00,2008-09-01T00:00:00,,,,,,, ,,,,,0,,,IQ,0,994,0,12,0
99402021,,,,,0,0,0,,,,,994,2021,0099402021,,,N,N,N,N,,,,,,,,,,,10,10,,2008-09-10T00:00:00,2008-09-10T00:00:00,,,,,,, ,,,,,0,,,IL,0,994,0,12,0
99402027,,,,,0,0,0,,,,,994,2027,0099402027,,,N,N,N,N,,,,,,,,,,,10,10,,,,,,,,,, ,,,,,0,,,US,0,994,0,12,0
99402029,,,,,0,0,0,,,,,994,2029,0099402029,,,N,N,N,N,,,,,,,,,,,9,5,,,,,,,,,, ,,2013-05-30T00:00:00,,,0,,,US,0,994,0,12,0
99402031,,,,,0,0,0,,,,,994,2031,0099402031,,,N,N,N,N,,,,,,,,,,,9,7,,2009-09-01T00:00:00,2009-09-01T00:00:00,,,,,,, ,,,,,0,,,CZ,0,994,0,12,0
99402035,,,,,0,0,0,,,,,994,2035,0099402035,,,N,N,N,N,,,,,,,,,,,9,5,,,,,,,,,, ,,,,,0,,,RU,0,994,0,12,0
99402041,,,,,0,0,0,,,,,994,2041,0099402041,,,N,N,N,N,,,,,,,,,2017-02-09T12:16:35,,11,11,,,,,,,,,, ,,,,,0,Honolulu,HI,US,0,994,0,12,0
99402044,,,,,0,0,0,,,,,994,2044,0099402044,,,N,N,N,N,,,,,,,,,,,9,6,,,,,,,,,, ,,,,,0,,,CN,0,994,0,12,0
99402050,,,,,0,0,0,,,,,994,2050,0099402050,,,N,N,N,N,,,,,,,,,,,9,8,,,,,,,,,, ,,,,,0,,,CN,0,994,0,12,0
99402053,,,,,0,0,0,,,,,994,2053,0099402053,,,N,N,N,N,,,,,,,,,,,9,5,,2015-02-01T00:00:00,2015-02-01T00:00:00,,,,,,, ,,2013-05-30T00:00:00,,,0,,,KR,0,994,0,12,0
99402054,,,,,0,0,0,,,,,994,2054,0099402054,,,N,N,N,N,,,,,,,,,,,9,8,,,,,,,,,, ,,,,,0,,,KR,0,994,0,12,0
99402057,,,,,0,0,0,,,,,994,2057,0099402057,,,N,N,N,N,,,,,,,,,,,9,6,,,,,,,,,, ,,,,,0,,,JP,0,994,0,12,0
99402060,,,,,0,0,0,,,,,994,2060,0099402060,,,N,N,N,N,,,,,,,180,,,,10,10,,2007-07-01T00:00:00,2007-07-01T00:00:00,,,,,,, ,,,,,0,Glendale,CA,US,0,994,0,12,0
99402072,,,,,0,0,0,,,,,994,2072,0099402072,,,N,N,N,N,,,,,,,,,,,9,7,,2013-08-27T00:00:00,2013-08-27T00:00:00,,,,,,, ,,,,,0,,,KR,0,994,0,12,0
99402073,,,,,0,0,0,,,,,994,2073,0099402073,,,N,N,N,N,,,,,,,,,,,9,5,,2014-09-01T00:00:00,2014-09-01T00:00:00,,,,,,, ,,,,,0,,,KR,0,994,0,12,0
99402074,,,,,0,0,0,,,,,994,2074,0099402074,,,N,N,N,N,,,,,,,,,,,9,5,,2013-08-26T00:00:00,2013-08-26T00:00:00,,,,,,, ,,,,,0,,,KR,0,994,0,12,0
99402081,,,,,0,0,0,,,,,994,2081,0099402081,,,N,N,N,N,,,,,,,,,,,9,6,,,,,,,,,, ,,,,,0,,,US,0,994,0,12,0
99402082,,,,,0,0,0,,,,,994,2082,0099402082,,,N,N,N,N,,,,2019-03-07T00:00:00,,,,,,,9,5,,2013-09-02T00:00:00,2013-09-02T00:00:00,,,,,,, ,,,,,0,,,JP,0,994,0,12,0
99402084,,,,,0,0,0,,,,,994,2084,0099402084,,,N,N,N,N,,,,,,,,,,,11,11,,,,,,,,,, ,,,,,0,,,US,0,994,0,12,0
99402086,,,,,0,0,0,,,,,994,2086,0099402086,,,N,N,N,N,,,,2019-05-24T00:00:00,,,,,,,9,5,,2014-09-08T00:00:00,2014-09-08T00:00:00,,,,,,, ,,,,,0,,,CN,0,994,0,12,0
99402089,,,,,0,0,0,,,,,994,2089,0099402089,,,N,N,N,N,,,,,,,,,,,9,9,,2006-06-01T00:00:00,2006-06-01T00:00:00,,,,,,, ,,,,,0,,,KR,0,994,0,12,0
99402105,,,,,0,0,0,,,,,994,2105,0099402105,,,N,N,N,N,,,,,,,,,,,9,5,,,,,,,,,, ,,,,,0,,,JP,0,994,0,12,0
99402106,,,,,0,0,0,,,,,994,2106,0099402106,,,N,N,N,N,,,,,,,180,,,,9,5,,,,,,,,,, ,,,,,0,,,DE,0,994,0,12,0
99402107,,,,,0,0,0,,,,,994,2107,0099402107,,,N,N,N,N,,,,,,,,,,,9,5,,,,,,,,,, ,,2013-05-30T00:00:00,,,0,,,KR,0,994,0,12,0
99402109,,,,,0,0,0,,,,,994,2109,0099402109,,,N,N,N,N,,,,,,,,,,,9,5,,,,,,,,,, ,,,,,0,,,CA,0,994,0,12,0
99402113,,,,,0,0,0,,,,,994,2113,0099402113,,,N,N,N,N,,,,,,,,,,,10,10,,,,,,,,,, ,,,,,0,Los Angeles,CA,US,0,994,0,12,0
99402121,,,,,0,0,0,,,,,994,2121,0099402121,,,N,N,N,N,,,,,,,,,,,9,5,,2004-09-01T00:00:00,2004-09-01T00:00:00,,,,,,, ,,,,,0,,,IN,0,994,0,12,0
99402125,,,,,0,0,0,,,,,994,2125,0099402125,,,N,N,N,N,,,,,,,,,,,9,5,,2006-09-01T00:00:00,2006-09-01T00:00:00,,,,,,, ,,,,,0,,,KR,0,994,0,12,0
99402126,,,,,0,0,0,,,,,994,2126,0099402126,,,N,N,N,N,,,,,,,,,,,9,5,,,,,,,,,, ,,,,,0,,,US,0,994,0,12,0
99402127,,,,,0,0,0,,,,,994,2127,0099402127,,,N,N,N,N,,,,,,,,,,,10,10,,2007-09-01T00:00:00,2007-09-01T00:00:00,,,,,,, ,,,,,0,Los Angeles,CA,US,0,994,0,12,0
99402128,,,,,0,0,0,,,,,994,2128,0099402128,,,N,N,N,N,,,,,,,,,,,10,10,,,,,,,,,, ,,,,,0,Riverside,CA,US,0,994,0,12,0
99402129,,,,,0,0,0,,,,,994,2129,0099402129,,,N,N,N,N,,,,,,,,,,,9,5,,,,,,,,,, ,,,,,0,,,MX,0,994,0,12,0
99402139,,,,2020-06-14T00:00:00,0,0,0,,,,,994,2139,0099402139,,,N,N,N,N,,,,,,,200,,,,9,5,,,,,,,,,, ,,,,,0,,,VN,0,994,0,12,0
99402143,,,,2020-06-14T00:00:00,0,0,0,,,,,994,2143,0099402143,,,N,N,N,N,,,,,,,240,,,,9,5,,,,,,,,,, ,,,,,0,,,BD,0,994,0,12,0
99402148,,,,,0,0,0,,,,,994,2148,0099402148,,,N,N,N,N,,,,,,,,,,,9,7,,2006-07-01T00:00:00,2006-07-01T00:00:00,,,,,,, ,,2014-09-04T00:00:00,,,0,,,KR,0,994,0,12,0
99402151,,,,,0,0,0,,,,,994,2151,0099402151,,,N,N,N,N,,,,,,,,,,,9,9,,,,,,,,,, ,,,,,0,,,KR,0,994,0,12,0
99402155,,,,,0,0,0,,,,,994,2155,0099402155,,,N,N,N,N,,,,,,,,,,,9,7,,2006-07-01T00:00:00,2006-07-01T00:00:00,,,,,,, ,,,,,0,,,KR,0,994,0,12,0
99402157,,,,,0,0,0,,,,,994,2157,0099402157,,,N,N,N,N,,,,,,,200,,,,10,9,,2007-09-01T00:00:00,2007-09-01T00:00:00,,,,,,, ,,,,,0,LaPalma,CA,US,16,994,0,12,0
99402161,,,,,0,0,0,,,,,994,2161,0099402161,,,N,N,N,N,,,,,,,,,,,10,10,,,,,,,,,, ,,,,,0,,,IR,0,994,0,12,0
99402163,,,,,0,0,0,,,,,994,2163,0099402163,,,N,N,N,N,,,,2019-05-03T00:00:00,,,,,,,9,9,,2013-05-13T00:00:00,2013-05-13T00:00:00,,,,,,, ,,2016-04-01T00:00:00,,,0,,,PK,0,994,0,12,0
99402176,,,,,0,0,0,,,,,994,2176,0099402176,,,N,N,N,N,,,,,,,,,,,9,8,,2006-09-01T00:00:00,2006-09-01T00:00:00,,,,,,, ,,,,,0,,,CA,0,994,0,12,0
99402181,,,,,0,0,0,,,,,994,2181,0099402181,,,N,N,N,N,,,,,,,,,,,12,10,,2008-07-29T00:00:00,2008-07-29T00:00:00,,,,,,, ,,,,,0,Los Angeles,CA,US,0,994,0,12,0
99402182,,,,,0,0,0,,,,,994,2182,0099402182,,,N,N,N,N,,,,,,,,,2016-12-15T08:58:14,,11,11,,2006-07-01T00:00:00,2006-07-01T00:00:00,,,,,,, ,,2019-12-14T00:00:00,,,0,Los Angeles,CA,US,0,994,0,12,0
99402186,,,,,0,0,0,,,,,994,2186,0099402186,,,N,N,N,N,,,,,,,,,,,9,9,,2005-09-01T00:00:00,2005-09-01T00:00:00,,,,,,, ,,,,,0,,,IR,0,994,0,12,0
99402189,,,,,0,0,0,,,,,994,2189,0099402189,,,N,N,N,N,,,,,,,,,,,9,9,,2009-09-01T00:00:00,2009-09-01T00:00:00,,,,,,, ,,,,,0,,,KR,0,994,0,12,0
99402198,,,,,0,0,0,,,,,994,2198,0099402198,,,N,N,N,N,,,,,,,240,,,,9,5,,2008-08-01T00:00:00,2008-08-01T00:00:00,,,,,,, ,,,,,0,,,HK,0,994,0,12,0
99402201,,,,,0,0,0,,,,,994,2201,0099402201,,,N,N,N,N,,,,,,,,,,,10,10,,2008-11-01T00:00:00,2008-11-01T00:00:00,,,,,,, ,,2016-09-07T00:00:00,,,0,,,KR,0,994,0,12,0
99402207,,,,,0,0,0,,,,,994,2207,0099402207,,,N,N,N,N,,,,,,,,,,,11,11,,2019-01-01T00:00:00,2019-01-01T00:00:00,,,,,,, ,,,,,0,,,KR,0,994,0,12,0
99402208,,,,,0,0,0,,,,,994,2208,0099402208,,,N,N,N,N,,,,,,,,,,,9,8,,2008-09-01T00:00:00,2008-09-01T00:00:00,,,,,,, ,,,,,0,,,ID,0,994,0,12,0
99402210,,,,,0,0,0,,,,,994,2210,0099402210,,,N,N,N,N,,,,,,,,,,,10,10,,2007-09-01T00:00:00,2007-09-01T00:00:00,,2011-04-15T00:00:00,01,01,01,01,,,2007-09-10T00:00:00,,,0,Glendora,CA,US,0,994,0,12,0
99402211,,,,,0,0,0,,,,,994,2211,0099402211,,,N,N,N,N,,,,,,,,,,,9,5,,2007-09-01T00:00:00,2007-09-01T00:00:00,,,,,,, ,,2013-05-30T00:00:00,,,0,,,CN,0,994,0,12,0
99402213,,,,,0,0,0,,,,,994,2213,0099402213,,,N,N,N,N,,,,,,,,,,,10,10,,2010-09-01T00:00:00,2010-09-01T00:00:00,,,,,,, ,,,,,0,Waukesha,WI,US,0,994,0,12,0
99402220,,,,,0,0,0,,,,,994,2220,0099402220,,,N,N,N,N,,,,,,,,,,,9,5,,2009-09-01T00:00:00,2009-09-01T00:00:00,,,,,,, ,,,,,0,,,RO,0,994,0,12,0
99402232,,,,,0,0,0,,,,,994,2232,0099402232,,,N,N,N,N,,,,,,,,,,,11,11,,2008-09-01T00:00:00,2008-09-01T00:00:00,,,,,,, ,,,,,0,West Covina,CA,US,0,994,0,12,0
99402240,,,,,0,0,0,,,,,994,2240,0099402240,,,N,N,N,N,,,,,,,,,2017-06-24T12:18:21,,12,12,,2007-08-01T00:00:00,2007-08-01T00:00:00,,,,,,, ,,,,,0,West Covina,CA,US,0,994,0,12,0
99402241,,,,,0,0,0,,,,,994,2241,0099402241,,,N,N,N,N,,,,,,,,,,,11,10,,2009-09-01T00:00:00,2009-09-01T00:00:00,,,,,,, ,,,,,0,Pomona,CA,US,888,994,0,12,0
99402254,,,,,0,0,0,,,,,994,2254,0099402254,,,N,N,N,N,,,,,,,,,2016-11-03T08:22:11,,11,11,,2007-08-01T00:00:00,2007-08-01T00:00:00,,,,,,, ,,2019-10-31T00:00:00,,,0,Cuaulta,MR,MX,0,994,0,12,0
99402255,,,,,0,0,0,,,,,994,2255,0099402255,,,N,N,N,N,,,,,,,,,,,9,5,,2009-09-01T00:00:00,2009-09-01T00:00:00,,,,,,, ,,,,,0,,,IR,0,994,0,12,0
99402260,,,,,0,0,0,,,,,994,2260,0099402260,,,N,N,N,N,,,,,,,,,,,9,5,,2008-03-01T00:00:00,2008-03-01T00:00:00,,,,,,, ,,,,,0,,,AU,0,994,0,12,0
99402263,,,,,0,0,0,,,,,994,2263,0099402263,,,N,N,N,N,,,,,,,,,,,10,0,,2008-08-01T00:00:00,2008-08-01T00:00:00,,,,,,, ,,,,,0,Los Angeles,CA,US,10,994,0,12,0
99402265,,,,2020-06-14T00:00:00,0,0,0,,,,,994,2265,0099402265,,,N,N,N,N,,,,,,,240,,,,9,5,,2006-09-01T00:00:00,2006-09-01T00:00:00,,,,,,, ,,,,,0,,,SA,0,994,0,12,0
99402272,,,,,0,0,0,,,,,994,2272,0099402272,,,N,N,N,N,,,,,,,,,,,9,7,,2009-08-01T00:00:00,2009-08-01T00:00:00,,,,,,, ,,,,,0,,,IR,0,994,0,12,0
99402276,,,,2020-07-02T00:00:00,0,0,0,,,,,994,2276,0099402276,,,N,N,N,N,,,,,,,160,,,,9,9,,2009-09-01T00:00:00,2009-09-01T00:00:00,,,,,,, ,,,,,0,,,CN,0,994,0,12,0
99402278,,,,2020-06-14T00:00:00,0,0,0,,,,,994,2278,0099402278,,,N,N,N,N,,,,,,,180,,,,11,11,,2010-09-01T00:00:00,2010-09-01T00:00:00,,,,,,, ,,,,,0,,,BR,0,994,0,12,0
99402279,,,,2020-07-02T00:00:00,0,0,0,,,,,994,2279,0099402279,,,N,N,N,N,,,,,,,240,,,,9,7,,2009-09-01T00:00:00,2009-09-01T00:00:00,,,,,,, ,,,,,0,,,BR,0,994,0,12,0
99402282,,,,,0,0,0,,,,,994,2282,0099402282,,,N,N,N,N,,,,,,,,,,,10,10,,2010-09-01T00:00:00,2010-09-01T00:00:00,,,,,,, ,,,,,0,,,US,0,994,0,12,0
99402294,,,,,0,0,0,,,,,994,2294,0099402294,,,N,N,N,N,,,,,,,,,,,9,9,,2013-05-22T00:00:00,2013-05-22T00:00:00,,,,,,, ,,,,,0,,,GB,0,994,0,12,0
99402298,,,,,0,0,0,,,,,994,2298,0099402298,,,N,N,N,N,,,,,,,,,,,9,5,,2004-09-01T00:00:00,2004-09-01T00:00:00,,,,,,, ,,,,,0,,,TR,0,994,0,12,0
99402302,,,,,0,0,0,,,,,994,2302,0099402302,,,N,N,N,N,,,,,,,,,,,9,6,,2017-09-01T00:00:00,2017-09-01T00:00:00,,,,,,, ,,,,,0,,,AF,0,994,0,12,0
99402308,,,,,0,0,0,,,,,994,2308,0099402308,,,N,N,N,N,,,,2019-10-05T00:00:00,,,,,,,11,11,,2017-01-01T00:00:00,2017-01-01T00:00:00,,,,,,, ,,,,,0,,,JP,0,994,0,12,0
99402309,,,,,0,0,0,,,,,994,2309,0099402309,,,N,N,N,N,,,,,,,,,,,9,9,,2015-09-01T00:00:00,2015-09-01T00:00:00,,,,,,, ,,2015-09-08T00:00:00,,,0,,,KR,0,994,0,12,0
99402313,,,,,0,0,0,,,,,994,2313,0099402313,,,N,N,N,N,,,,,,,,,,,10,10,,2008-09-10T00:00:00,2008-09-10T00:00:00,,,,,,, ,,,,,0,,,IR,0,994,0,12,0
99402314,,,,,0,0,0,,,,,994,2314,0099402314,,,N,N,N,N,,,,,,,,,,,11,9,,2010-02-03T00:00:00,2010-02-03T00:00:00,,,,,,, ,,,,,0,Olongapo,,PH,17,994,0,12,0
99402316,,,,,0,0,0,,,,,994,2316,0099402316,,,N,N,N,N,,,,2019-06-09T00:00:00,,,,,,,9,5,,,,,,,,,, ,,,,,0,,,CN,0,994,0,12,0
99402318,,,,,0,0,0,,,,,994,2318,0099402318,,,N,N,N,N,,,,,,,,,,,9,8,,,,,,,,,, ,,,,,0,,,US,0,994,0,12,0
99402320,,,,,0,0,0,,,,,994,2320,0099402320,,,N,N,N,N,,,,,,,,,,,11,11,,,,,,,,,, ,,,,,0,,,JP,0,994,0,12,0
99402322,,,,,0,0,0,,,,,994,2322,0099402322,,,N,N,N,N,,,,,,,,,,,11,11,,,,,,,,,, ,,,,,0,Los Angeles,CA,US,0,994,0,12,0
99402330,,,,,0,0,0,,,,,994,2330,0099402330,,,N,N,N,N,,,,,,,,,,,10,10,,,,,,,,,, ,,,,,0,Glendora,CA,US,0,994,0,12,0
99402331,,,,,0,0,0,,,,,994,2331,0099402331,,,N,N,N,N,,,,,,,,,,,10,10,,,,,,,,,, ,,,,,0,,,JP,0,994,0,12,0
99402336,,,,,0,0,0,,,,,994,2336,0099402336,,,N,N,N,N,,,,,,,200,,,,9,5,,,,,,,,,, ,,,,,0,,,KR,0,994,0,12,0
99402337,,,,2020-07-02T00:00:00,0,0,0,,,,,994,2337,0099402337,,,N,N,N,N,,,,,,,240,,,,9,7,,,,,,,,,, ,,,,,0,,,KR,0,994,0,12,0
99402338,,,,,0,0,0,,,,,994,2338,0099402338,,,N,N,N,N,,,,,,,,,,,9,5,,,,,,,,,, ,,,,,0,,,KR,0,994,0,12,0
99402345,,,,,0,0,0,,,,,994,2345,0099402345,,,N,N,N,N,,,,,,,,,,,9,5,,,,,,,,,, ,,,,,0,,,CN,0,994,0,12,0
99402354,,,,,0,0,0,,,,,994,2354,0099402354,,,N,N,N,N,,,,,,,,,,,9,6,,,,,,,,,, ,,,,,0,,,RO,0,994,0,12,0
99402355,,,,,0,0,0,,,,,994,2355,0099402355,,,N,N,N,N,,,,2019-12-21T00:00:00,,,,,,,9,5,,,,,,,,,, ,,,,,0,,,TW,0,994,0,12,0
99402360,,,,,0,0,0,,,,,994,2360,0099402360,,,N,N,N,N,,,,,,,,,,,9,6,,,,,,,,,, ,,,,,0,,,KR,0,994,0,12,0
99402369,,,,2020-07-02T00:00:00,0,0,0,,,,,994,2369,0099402369,,,N,N,N,N,,,,,,,160,,,,9,5,,,,,,,,,, ,,,,,0,,,US,0,994,0,12,0
99402380,,,,,0,0,0,,,,,994,2380,0099402380,,,N,N,N,N,,,,,,,,,,,9,5,,,,,,,,,, ,,,,,0,,,CA,0,994,0,12,0
99402385,,,,,0,0,0,,,,,994,2385,0099402385,,,N,N,N,N,,,,,,,,,,,9,8,,,,,,,,,, ,,,,,0,,,US,0,994,0,12,0
99402386,,,,,0,0,0,,,,,994,2386,0099402386,,,N,N,N,N,,,,,,,,,,,10,10,,,,,,,,,, ,,,,,0,,,US,0,994,0,12,0
99402391,,,,2020-07-02T00:00:00,0,0,0,,,,,994,2391,0099402391,,,N,N,N,N,,,,,,,180,,,,9,5,,,,,,,,,, ,,,,,0,,,US,0,994,0,12,0
99402395,,,,,0,0,0,,,,,994,2395,0099402395,,,N,N,N,N,,,,,,,,,,,9,5,,,,,,,,,, ,,,,,0,,,US,0,994,0,12,0
99402400,,,,,0,0,0,,,,,994,2400,0099402400,,,N,N,N,N,,,,,,,,,,,9,5,,,,,,,,,, ,,,,,0,,,CN,0,994,0,12,0
99402401,,,,,0,0,0,,,,,994,2401,0099402401,,,N,N,N,N,,,,,,,,,,,9,9,,,,,,,,,, ,,,,,0,,,US,0,994,0,12,0
99402410,,,,,0,0,0,,,,,994,2410,0099402410,,,N,N,N,N,,,,,,,,,,,9,9,,,,,,,,,, ,,,,,0,,,CN,0,994,0,12,0
99402415,,,,,0,0,0,,,,,994,2415,0099402415,,,N,N,N,N,,,,,,,,,,,9,7,,,,,,,,,, ,,,,,0,,,US,0,994,0,12,0
99402422,,,,,0,0,0,,,,,994,2422,0099402422,,,N,N,N,N,,,,,,,,,,,9,5,,,,,,,,,, ,,,,,0,,,KR,0,994,0,12,0
99402425,,,,,0,0,0,,,,,994,2425,0099402425,,,N,N,N,N,,,,,,,,,,,9,5,,,,,,,,,, ,,,,,0,,,US,0,994,0,12,0
99402433,,,,,0,0,0,,,,,994,2433,0099402433,,,N,N,N,N,,,,2019-03-03T00:00:00,,,,,,,9,8,,,,,,,,,, ,,,,,0,,,US,0,994,0,12,0
99402437,,,,,0,0,0,,,,,994,2437,0099402437,,,N,N,N,N,,,,,,,,,,,11,11,,,,,,,,,, ,,,,,0,Glendora,CA,US,0,994,0,12,0
99402440,,,,,0,0,0,,,,,994,2440,0099402440,,,N,N,N,N,,19643290000000,,,,,,,,,11,9,,,,,,,,,, ,,,,,0,Glendora,CA,US,17,994,0,12,0
99402443,,,,,0,0,0,,,,,994,2443,0099402443,,,N,N,N,N,,,,,,,,,,,9,5,,,,,,,,,, ,,,,,0,,,PH,0,994,0,12,0
99402446,,,,2020-07-02T00:00:00,0,0,0,,,,,994,2446,0099402446,,,N,N,N,N,,,,,,,160,,,,9,7,,,,,,,,,, ,,,,,0,,,US,0,994,0,12,0
99402451,,,,,0,0,0,,,,,994,2451,0099402451,,,N,N,N,N,,,,,,,,,,,9,8,,,,,,,,,, ,,,,,0,,,US,0,994,0,12,0
99402452,,,,,0,0,0,,,,,994,2452,0099402452,,,N,N,N,N,,,,,,,,,,,9,5,,,,,,,,,, ,,,,,0,,,PH,0,994,0,12,0
99402459,,,,,0,0,0,,,,,994,2459,0099402459,,,N,N,N,N,,,,,,,,,,,11,11,,,,,,,,,, ,,,,,0,,,US,0,994,0,12,0
99402461,,,,2020-07-02T00:00:00,0,0,0,,,,,994,2461,0099402461,,,N,N,N,N,,,,,,,240,,,,9,5,,,,,,,,,, ,,,,,0,,,US,0,994,0,12,0
99402463,,,,,0,0,0,,,,,994,2463,0099402463,,,N,N,N,N,,,,,,,200,,,,9,7,,,,,,,,,, ,,,,,0,,,CN,0,994,0,12,0
99402464,,,,,0,0,0,,,,,994,2464,0099402464,,,N,N,N,N,,,,,,,,,,,9,5,,,,,,,,,, ,,,,,0,,,US,0,994,0,12,0
99402468,,,,,0,0,0,,,,,994,2468,0099402468,,,N,N,N,N,,,,,,,,,,,11,11,,,,,,,,,, ,,,,,0,,,AU,0,994,0,12,0
99402483,,,,,0,0,0,,,,,994,2483,0099402483,,,N,N,N,N,,,,,,,,,,,9,5,,,,,,,,,, ,,,,,0,,,US,0,994,0,12,0
99402495,,,,,0,0,0,,,,,994,2495,0099402495,,,N,N,N,N,,,,,,,180,,,,9,8,,,,,,,,,, ,,,,,0,,,MX,0,994,0,12,0
99402498,,,,,0,0,0,,,,,994,2498,0099402498,,,N,N,N,N,,,,,,,,,,,10,10,,,,,,,,,, ,,2017-02-15T00:00:00,,,0,,,US,0,994,0,12,0
99402499,,,,,0,0,0,,,,,994,2499,0099402499,,,N,N,N,N,,,,,,,,,,,9,5,,,,,,,,,, ,,,,,0,,,PH,0,994,0,12,0
99402500,,,,,0,0,0,,,,,994,2500,0099402500,,,N,N,N,N,,,,,,,,,,,9,5,,,,,,,,,, ,,,,,0,,,US,0,994,0,12,0
99402502,,,,,0,0,0,,,,,994,2502,0099402502,,,N,N,N,N,,,,,,,,,,,9,5,,,,,,,,,, ,,,,,0,,,KR,0,994,0,12,0
99402517,,,,,0,0,0,,,,,994,2517,0099402517,,,N,N,N,N,,,,,,,,,,,9,5,,,,,,,,,, ,,,,,0,,,US,0,994,0,12,0
99402527,,,,,0,0,0,,,,,994,2527,0099402527,,,N,N,N,N,,,,,,,,,,,11,11,,,,,,,,,, ,,,,,0,,,US,0,994,0,12,0
99402534,,,,,0,0,0,,,,,994,2534,0099402534,,,N,N,N,N,,,,,,,,,,,9,5,,,,,,,,,, ,,,,,0,,,US,0,994,0,12,0
99402537,,,,,0,0,0,,,,,994,2537,0099402537,,,N,N,N,N,,,,,,,,,,,9,5,,,,,,,,,, ,,,,,0,,,US,0,994,0,12,0
99402538,,,,,0,0,0,,,,,994,2538,0099402538,,,N,N,N,N,,19644360000000,,,,,,,,,10,10,,,,,,,,,, ,,,,,0,La Habra,CA,US,0,994,0,12,0
99402540,,,,,0,0,0,,,,,994,2540,0099402540,,,N,N,N,N,,,,,,,,,,,9,5,,,,,,,,,, ,,,,,0,,,KP,0,994,0,12,0
99402545,,,,,0,0,0,,,,,994,2545,0099402545,,,N,N,N,N,,,,,,,180,,,,9,7,,,,,,,,,, ,,,,,0,,,US,0,994,0,12,0
99402549,,,,,0,0,0,,,,,994,2549,0099402549,,,N,N,N,N,,,,,,,,,,,9,5,,,,,,,,,, ,,,,,0,,,US,0,994,0,12,0
99402551,,,,,0,0,0,,,,,994,2551,0099402551,,,N,N,N,N,,,,,,,,,,,9,5,,,,,,,,,, ,,,,,0,,,US,0,994,0,12,0
99402556,,,,,0,0,0,,,,,994,2556,0099402556,,,N,N,N,N,,,,,,,,,,,9,7,,,,,,,,,, ,,,,,0,,,KR,0,994,0,12,0
99402567,,,,,0,0,0,,,,,994,2567,0099402567,,,N,N,N,N,,,,,,,,,2017-02-02T07:50:12,,11,11,,,,,,,,,, ,,,,,0,Fontana,CA,US,0,994,0,12,0
99402570,,,,,0,0,0,,,,,994,2570,0099402570,,,N,N,N,N,,,,,,,,,,,11,11,,,,,,,,,, ,,,,,0,,,IN,0,994,0,12,0
99402571,,,,,0,0,0,,,,,994,2571,0099402571,,,N,N,N,N,,,,,,,,,2017-02-25T10:28:40,,11,11,,,,,,,,,, ,,,,,0,Pomona,CA,US,0,994,0,12,0
99402574,,,,,0,0,0,,,,,994,2574,0099402574,,,N,N,N,N,,,,,,,,,,,9,5,,,,,,,,,, ,,2013-05-30T00:00:00,,,0,,,US,0,994,0,12,0
99402590,,,,,0,0,0,,,,,994,2590,0099402590,,,N,N,N,N,,,,,,,,,,,9,8,,,,,,,,,, ,,,,,0,,,US,0,994,0,12,0
99402592,,,,,0,0,0,,,,,994,2592,0099402592,,,N,N,N,N,,,,,,,,,,,9,5,,,,,,,,,, ,,,,,0,,,IN,0,994,0,12,0
99402600,,,,,0,0,0,,,,,994,2600,0099402600,,,N,N,N,N,,,,2019-02-17T00:00:00,,,,,,,9,5,,,,,,,,,, ,,,,,0,,,NZ,0,994,0,12,0
99402605,,,,,0,0,0,,,,,994,2605,0099402605,,,N,N,N,N,,,,,,,,,,,9,5,,,,,,,,,, ,,,,,0,,,FR,0,994,0,12,0
99402608,,,,,0,0,0,,,,,994,2608,0099402608,,,N,N,N,N,,,,,,,,,,,11,11,,,,,,,,,, ,,2017-09-15T00:00:00,,,0,,,HR,0,994,0,12,0
99402609,,,,,0,0,0,,,,,994,2609,0099402609,,,N,N,N,N,,,,,,,,,,,9,5,,,,,,,,,, ,,,,,0,,,US,0,994,0,12,0
99402616,,,,,0,0,0,,,,,994,2616,0099402616,,,N,N,N,N,,,,2019-02-14T00:00:00,,,,,,,10,3,,,,,,,,,, ,,,,,0,Los Angeles,CA,US,10,994,0,12,0
99402629,,,,,0,0,0,,,,,994,2629,0099402629,,,N,N,N,N,,,,,,,,,,,9,5,,,,,,,,,, ,,,,,0,,,US,0,994,0,12,0
99402643,,,,,0,0,0,,,,,994,2643,0099402643,,,N,N,N,N,,,,,,,,,,,9,5,,,,,,,,,, ,,,,,0,,,IR,0,994,0,12,0
99402649,,,,,0,0,0,,,,,994,2649,0099402649,,,N,N,N,N,,,,,,,,,,,11,11,,,,,,,,,, ,,,,,0,,,CA,0,994,0,12,0
99402651,,,,,0,0,0,,,,,994,2651,0099402651,,,N,N,N,N,,,,,,,,,,,9,5,,,,,,,,,, ,,,,,0,,,UA,0,994,0,12,0
99402652,,,,,0,0,0,,,,,994,2652,0099402652,,,N,N,N,N,,,,,,,,,,,9,9,,,,,,,,,, ,,,,,0,,,CA,0,994,0,12,0
99402653,,,,,0,0,0,,,,,994,2653,0099402653,,,N,N,N,N,,,,,,,,,2017-01-26T10:42:25,,11,11,,,,,,,,,, ,,,,,0,Montclair,CA,US,0,994,0,12,0
99402663,,,,,0,0,0,,,,,994,2663,0099402663,,,N,N,N,N,,,,,,,,,,,10,10,,,,,,,,,, ,,,,,0,,,US,0,994,0,12,0
99402668,,,,,0,0,0,,,,,994,2668,0099402668,,,N,N,N,N,,19642870000000,,,,,,,,,11,11,,,,,,,,,, ,,,,,0,West Covina,CA,US,0,994,0,12,0
99402674,,,,,0,0,0,,,,,994,2674,0099402674,,,N,N,N,N,,,,,,,,,,,9,5,,,,,,,,,, ,,,,,0,,,US,0,994,0,12,0
99402684,,,,,0,0,0,,,,,994,2684,0099402684,,,N,N,N,N,,,,,,,,,,,9,9,,,,,,,,,, ,,,,,0,,,US,0,994,0,12,0
99402687,,,,,0,0,0,,,,,994,2687,0099402687,,,N,N,N,N,,,,,,,,,,,9,8,,,,,,,,,, ,,,,,0,,,US,0,994,0,12,0
99402689,,,,,0,0,0,,,,,994,2689,0099402689,,,N,N,N,N,,,,,,,,,,,9,5,,,,,,,,,, ,,,,,0,,,US,0,994,0,12,0
99402691,,,,,0,0,0,,,,,994,2691,0099402691,,,N,N,N,N,,,,,,,,,,,9,5,,,,,,,,,, ,,,,,0,,,US,0,994,0,12,0
99402708,,,,,0,0,0,,,,,994,2708,0099402708,,,N,N,N,N,,,,,,,,,2016-10-29T08:22:12,,11,11,,,,,,,,,, ,,,,,0,West Covina,CA,US,0,994,0,12,0
99402715,,,,,0,0,0,,,,,994,2715,0099402715,,,N,N,N,N,,,,,,,,,,,9,7,,,,,,,,,, ,,,,,0,,,US,0,994,0,12,0
99402716,,,,,0,0,0,,,,,994,2716,0099402716,,,N,N,N,N,,,,,,,,,,,9,6,,,,,,,,,, ,,,,,0,,,US,0,994,0,12,0
99402718,,,,,0,0,0,,,,,994,2718,0099402718,,,N,N,N,N,,,,2018-10-04T00:00:00,,,,,,,10,10,,,,,,,,,, ,,,,,0,,,US,0,994,0,12,0
99402724,,,,,0,0,0,,,,,994,2724,0099402724,,,N,N,N,N,,,,,,,,,,,10,10,,,,,,,,,, ,,2019-03-31T00:00:00,,,0,Jakarta,,ID,0,994,0,12,0
99402726,,,,,0,0,0,,,,,994,2726,0099402726,,,N,N,N,N,,,,,,,,,,,10,10,,,,,,,,,, ,,,,,0,West Covina,CA,US,0,994,0,12,0
99402731,,,,,0,0,0,,,,,994,2731,0099402731,,,N,N,N,N,,,,,R,,,,,,11,11,,,,,,,,,, ,,,,,0,,,US,0,994,0,12,0
99402741,,,,,0,0,0,,,,,994,2741,0099402741,,,N,N,N,N,,,,,,,,,,,9,5,,,,,,,,,, ,,,,,0,,,CN,0,994,0,12,0
99402756,,,,2020-07-02T00:00:00,0,0,0,,,,,994,2756,0099402756,,,N,N,N,N,,,,,,,180,,,,10,10,,,,,,,,,, ,,,,,0,Monterey Park,CA,US,0,994,0,12,0
99402759,,,,,0,0,0,,,,,994,2759,0099402759,,,N,N,N,N,,,,2020-04-04T00:00:00,,,,,2017-02-10T14:31:01,,11,11,,,,,,,,,, ,,2020-02-08T00:00:00,,,0,Alexandria,,EG,0,994,0,12,0
99402761,,,,,0,0,0,,,,,994,2761,0099402761,,,N,N,N,N,,,,2020-04-04T00:00:00,,,,,,,9,5,,,,,,,,,, ,,,,,0,,,RS,0,994,0,12,0
99402762,,,,,0,0,0,,,,,994,2762,0099402762,,,N,N,N,N,,,,,,,,,,,10,10,,,,,,,,,, ,,,,,0,,,RS,0,994,0,12,0
99402764,,,,,0,0,0,,,,,994,2764,0099402764,,,N,N,N,N,,,,,,,,,,,9,5,,,,,,,,,, ,,,,,0,,,US,0,994,0,12,0
99402765,,,,,0,0,0,,,,,994,2765,0099402765,,,N,N,N,N,,,,,,,,,,,9,7,,,,,,,,,, ,,,,,0,,,US,0,994,0,12,0
99402767,,,,,0,0,0,,,,,994,2767,0099402767,,,N,N,N,N,,,,,,,,,,,9,5,,,,,,,,,, ,,,,,0,,,US,0,994,0,12,0
99402780,,,,,0,0,0,,,,,994,2780,0099402780,,,N,N,N,N,,,,,,,,,,,9,5,,,,,,,,,, ,,,,,0,,,US,0,994,0,12,0
